,Unnamed: 0,Unnamed: 0.1,Unnamed: 0.1.1,Unnamed: 0.1.1.1,Unnamed: 0.1.1.1.1,Unnamed: 0.1.1.1.1.1,Unnamed: 0.1.1.1.1.1.1,Unnamed: 0.1.1.1.1.1.1.1,Unnamed: 0.1.1.1.1.1.1.1.1,Unnamed: 0.1.1.1.1.1.1.1.1.1,Unnamed: 0.1.1.1.1.1.1.1.1.1.1,Unnamed: 0.1.1.1.1.1.1.1.1.1.1.1,"1,3","1,6","1,12","1,k","2,3","2,6","2,12","2,k","3,3","3,6","3,12","3,k","4,3","4,6","4,12","4,k"
0,0,0,0,0,0,0,0,0,0,0,0,0,(1+0j),(1+0j),(1+0j),(1+0j),(1+0j),(1+0j),(1+0j),(1+0j),(1+0j),(1+0j),(1+0j),(1+0j),(1+0j),(1+0j),(1+0j),(1+0j)
1,1,1,1,1,1,1,1,1,1,1,1,1,(1.0000002574320916-5.301365470222752e-07j),(1.0000002574320916-5.301365470222752e-07j),(1.0000002574320916-5.301365470222752e-07j),(1.0000002574320916-5.301365470222752e-07j),(1.0000002574320916-5.301365470222752e-07j),(1.0000002574320916-5.301365470222752e-07j),(1.0000002574320916-5.301365470222752e-07j),(1.0000002574320916-5.301365470222752e-07j),(1.0000002574320916-5.301365470222752e-07j),(1.0000002574320916-5.301365470222752e-07j),(1.0000002574320916-5.301365470222752e-07j),(1.0000002574320916-5.301365470222752e-07j),(1.0000002574320916-5.301365470222752e-07j),(1.0000002574320916-5.301365470222752e-07j),(1.0000002574320916-5.301365470222752e-07j),(1.0000002574320916-5.301365470222752e-07j)
2,2,2,2,2,2,2,2,2,2,2,2,2,(1.000000183004052-9.77967901369392e-07j),(1.000000183004052-9.77967901369392e-07j),(1.000000183004052-9.77967901369392e-07j),(1.000000183004052-9.77967901369392e-07j),(1.000000183004052-9.779679013555143e-07j),(1.000000183004052-9.779679013555143e-07j),(1.000000183004052-9.779679013555143e-07j),(1.000000183004052-9.779679013555143e-07j),(1.000000183004052-9.779679013555143e-07j),(1.000000183004052-9.779679013555143e-07j),(1.000000183004052-9.779679013555143e-07j),(1.000000183004052-9.779679013555143e-07j),(1.000000183004052-9.779679013555143e-07j),(1.000000183004052-9.779679013555143e-07j),(1.000000183004052-9.779679013555143e-07j),(1.000000183004052-9.779679013555143e-07j)
3,3,3,3,3,3,3,3,3,3,3,3,3,(1.0000009710047282-5.672607211008873e-07j),(1.0000009710047282-5.672607211008873e-07j),(1.0000009710047282-5.672607211008873e-07j),(1.0000009710047282-5.672607211008873e-07j),(1.0000006148831606-9.245048531811989e-07j),(1.0000006148831606-9.245048531811989e-07j),(1.0000006148831606-9.245048531811989e-07j),(1.0000006148831606-9.245048531811989e-07j),(1.0000006148831604-9.24504853193342e-07j),(1.0000006148831604-9.24504853193342e-07j),(1.0000006148831604-9.24504853193342e-07j),(1.0000006148831604-9.24504853193342e-07j),(1.0000006148831604-9.24504853193342e-07j),(1.0000006148831604-9.24504853193342e-07j),(1.0000006148831604-9.24504853193342e-07j),(1.0000006148831604-9.24504853193342e-07j)
4,4,4,4,4,4,4,4,4,4,4,4,4,(1.0000014765574565-7.647164365250092e-07j),(1.0000014765574565-7.647164365250092e-07j),(1.0000014765574565-7.647164365250092e-07j),(1.0000014765574565-7.647164365250092e-07j),(1.0000000886053981-1.0850526114200565e-06j),(1.0000000886053981-1.0850526114200565e-06j),(1.0000000886053981-1.0850526114200565e-06j),(1.0000000886053981-1.0850526114200565e-06j),(1.0000000886053981-1.085052611347198e-06j),(1.0000000886053981-1.085052611347198e-06j),(1.0000000886053981-1.085052611347198e-06j),(1.0000000886053981-1.085052611347198e-06j),(1.0000000886053981-1.085052611392301e-06j),(1.0000000886053981-1.085052611392301e-06j),(1.0000000886053981-1.085052611392301e-06j),(1.0000000886053981-1.085052611392301e-06j)
5,5,5,5,5,5,5,5,5,5,5,5,5,(1.000002030801775-1.180404523806744e-06j),(1.000002030801775-1.180404523806744e-06j),(1.000002030801775-1.180404523806744e-06j),(1.000002030801775-1.180404523806744e-06j),(0.9924994312244072+0.006368664787035322j),(0.9924994312244072+0.006368664787035322j),(0.9924994312244072+0.006368664787035322j),(0.9924994312244072+0.006368664787035322j),(0.9999996914933316-7.489407387942237e-07j),(0.9999996914933316-7.489407387942237e-07j),(0.9999996914933316-7.489407387942237e-07j),(0.9999996914933316-7.489407387942237e-07j),(0.9999996914933318-7.489407388011626e-07j),(0.9999996914933318-7.489407388011626e-07j),(0.9999996914933318-7.489407388011626e-07j),(0.9999996914933318-7.489407388011626e-07j)
6,6,6,6,6,6,6,6,6,6,6,6,6,(1.0000024921970585-1.6999834910047529e-06j),(1.0000024921970585-1.6999834910047529e-06j),(1.0000024921970585-1.6999834910047529e-06j),(1.0000024921970585-1.6999834910047529e-06j),(1.0040367697873829+0.002130639421240421j),(1.0040367697873829+0.002130639421240421j),(1.0040367697873829+0.002130639421240421j),(1.0040367697873829+0.002130639421240421j),(1.0000005920288333-3.480912349335119e-08j),(1.0000005920288333-3.480912349335119e-08j),(1.0000005920288333-3.480912349335119e-08j),(1.0000005920288333-3.480912349335119e-08j),(1.0000005920288337-3.480912345865672e-08j),(1.0000005920288337-3.480912345865672e-08j),(1.0000005920288337-3.480912345865672e-08j),(1.0000005920288337-3.480912345865672e-08j)
7,7,7,7,7,7,7,7,7,7,7,7,7,(1.0005621728287304-0.0003412541643194808j),(1.0000026936904962-2.2353738850303118e-06j),(1.0000026936904962-2.2353738850303118e-06j),(1.0000026936904962-2.2353738850303118e-06j),(1.000195000711166+0.00108877610015113j),(1.000195000711166+0.00108877610015113j),(1.000195000711166+0.00108877610015113j),(1.000195000711166+0.00108877610015113j),(0.9974842404718395-0.004738340234982687j),(0.9974842404718395-0.004738340234982687j),(0.9974842404718395-0.004738340234982687j),(0.9974842404718395-0.004738340234982687j),(1.000001492400581+4.892219209601256e-08j),(1.000001492400581+4.892219209601256e-08j),(1.000001492400581+4.892219209601256e-08j),(1.000001492400581+4.892219209601256e-08j)
8,8,8,8,8,8,8,8,8,8,8,8,8,(1.004877158683931-0.00015076849445259943j),(1.0000027526657014-2.6634651900669937e-06j),(1.0000027526657014-2.6634651900669937e-06j),(1.0000027526657014-2.6634651900669937e-06j),(1.0010287346282276-0.0022208807005874714j),(1.0010287346282276-0.0022208807005874714j),(1.0010287346282276-0.0022208807005874714j),(1.0010287346282276-0.0022208807005874714j),(0.9981023640813064-0.0030912933097947543j),(0.9981023640813064-0.0030912933097947543j),(0.9981023640813064-0.0030912933097947543j),(0.9981023640813064-0.0030912933097947543j),(1.0000022682749867-2.3451824944509259e-07j),(1.0000022682749867-2.3451824944509259e-07j),(1.0000022682749867-2.3451824944509259e-07j),(1.0000022682749867-2.3451824944509259e-07j)
9,9,9,9,9,9,9,9,9,9,9,9,9,(1.0211690043276693+0.004606045327416142j),(1.0000028159502667-2.984635252108875e-06j),(1.0000028159502667-2.984635252108875e-06j),(1.0000028159502667-2.984635252108875e-06j),(1.0010333112410328-0.00045640430858101544j),(1.0010333112410328-0.00045640430858101544j),(1.0010333112410328-0.00045640430858101544j),(1.0010333112410328-0.00045640430858101544j),(0.9975476259238761-0.0009887403700318195j),(0.9975476259238761-0.0009887403700318195j),(0.9975476259238761-0.0009887403700318195j),(0.9975476259238761-0.0009887403700318195j),(0.9998600341154827+0.0013848559581493836j),(0.9998600341154827+0.0013848559581493836j),(0.9998600341154827+0.0013848559581493836j),(0.9998600341154827+0.0013848559581493836j)
10,10,10,10,10,10,10,10,10,10,10,10,10,(1.0591378481843106+0.008882499066704207j),(1.0000029148141698-3.253059871043823e-06j),(1.0000029148141698-3.253059871043823e-06j),(1.0000029148141698-3.253059871043823e-06j),(0.9984774360288026-0.0012319354193823275j),(0.9984774360288026-0.0012319354193823275j),(0.9984774360288026-0.0012319354193823275j),(0.9984774360288026-0.0012319354193823275j),(0.9953656450934932+0.0020888415368805306j),(0.9953656450934932+0.0020888415368805306j),(0.9953656450934932+0.0020888415368805306j),(0.9953656450934932+0.0020888415368805306j),(1.0003751274408283+0.003018313669597223j),(1.0003751274408283+0.003018313669597223j),(1.0003751274408283+0.003018313669597223j),(1.0003751274408283+0.003018313669597223j)
11,11,11,11,11,11,11,11,11,11,11,11,11,(1.122195189274636-0.0034159580941096074j),(1.0000030419965689-3.5119727654440297e-06j),(1.0000030419965689-3.5119727654440297e-06j),(1.0000030419965689-3.5119727654440297e-06j),(1.0027608557907493+0.0006134729679062433j),(1.0027608557907493+0.0006134729679062433j),(1.0027608557907493+0.0006134729679062433j),(1.0027608557907493+0.0006134729679062433j),(0.9972544379862901+0.007739425272926523j),(0.9972544379862901+0.007739425272926523j),(0.9972544379862901+0.007739425272926523j),(0.9972544379862901+0.007739425272926523j),(1.0010917999281823+0.0033915947088349035j),(1.0010917999281823+0.0033915947088349035j),(1.0010917999281823+0.0033915947088349035j),(1.0010917999281823+0.0033915947088349035j)
12,12,12,12,12,12,12,12,12,12,12,12,12,(1.203776573470812-0.05621067109858445j),(1.0000031827262517-3.7827741030402665e-06j),(1.0000031827262517-3.7827741030402665e-06j),(1.0000031827262517-3.7827741030402665e-06j),(1.0029639507419017-0.0011536713823034894j),(1.0029639507419017-0.0011536713823034894j),(1.0029639507419017-0.0011536713823034894j),(1.0029639507419017-0.0011536713823034894j),(1.0012076263691607+0.005172582509112169j),(1.0012076263691607+0.005172582509112169j),(1.0012076263691607+0.005172582509112169j),(1.0012076263691607+0.005172582509112169j),(0.9999464949099122+0.0021029743032802434j),(0.9999464949099122+0.0021029743032802434j),(0.9999464949099122+0.0021029743032802434j),(0.9999464949099122+0.0021029743032802434j)
13,13,13,13,13,13,13,13,13,13,13,13,13,(1.283135839746454-0.17140048392923324j),(1.0000121321629718-9.573891058634564e-06j),(1.0000033192784268-4.063244018032673e-06j),(1.0000033192784268-4.063244018032673e-06j),(1.0106038960016657-0.007100416853049999j),(1.0032780584196623-0.003600893394429728j),(1.0032780584196623-0.003600893394429728j),(1.0032780584196623-0.003600893394429728j),(1.004984132072529+0.0022866161108724254j),(1.004984132072529+0.0022866161108724254j),(1.004984132072529+0.0022866161108724254j),(1.004984132072529+0.0022866161108724254j),(1.00183595158738+0.0023744250496528776j),(1.00183595158738+0.0023744250496528776j),(1.00183595158738+0.0023744250496528776j),(1.00183595158738+0.0023744250496528776j)
14,14,14,14,14,14,14,14,14,14,14,14,14,(1.328481675513613-0.35711078129712753j),(1.0000832104283268-1.1823562250123899e-05j),(1.0000034458822118-4.341556413567339e-06j),(1.0000034458822118-4.341556413567339e-06j),(1.0134971661807508-0.020142408394528223j),(1.0006976334633466-0.004465286316451856j),(1.0006976334633466-0.004465286316451856j),(1.0006976334633466-0.004465286316451856j),(1.0052872035914548-0.0004403922788355432j),(1.0052872035914548-0.0004403922788355432j),(1.0052872035914548-0.0004403922788355432j),(1.0052872035914548-0.0004403922788355432j),(1.0025567534766504+0.0004381621975676336j),(1.0025567534766504+0.0004381621975676336j),(1.0025567534766504+0.0004381621975676336j),(1.0025567534766504+0.0004381621975676336j)
15,15,15,15,15,15,15,15,15,15,15,15,15,(1.3051843683722038-0.601082939028556j),(1.000265223392399+0.00012074728649766287j),(1.0000035681164872-4.611499331314429e-06j),(1.0000035681164872-4.611499331314429e-06j),(1.0268078258784477-0.04523284812119306j),(0.998003214382325-0.004390284045714784j),(0.998003214382325-0.004390284045714784j),(0.998003214382325-0.004390284045714784j),(1.0022081085795485-0.002860970094220254j),(1.0022081085795485-0.002860970094220254j),(1.0022081085795485-0.002860970094220254j),(1.0022081085795485-0.002860970094220254j),(1.0022453838184395-0.00039479384030323764j),(1.0022453838184395-0.00039479384030323764j),(1.0022453838184395-0.00039479384030323764j),(1.0022453838184395-0.00039479384030323764j)
16,16,16,16,16,16,16,16,16,16,16,16,16,(1.1868016842698663-0.8708017384074022j),(1.0004021145193918+0.0005168076811753735j),(1.0000036925609241-4.874025072294048e-06j),(1.0000036925609241-4.874025072294048e-06j),(1.0288455883971608-0.08313728369049786j),(0.9969522785986067-0.0022888033937963795j),(0.9969522785986067-0.0022888033937963795j),(0.9969522785986067-0.0022888033937963795j),(1.0005289214380808-0.003746754676374861j),(1.0005289214380808-0.003746754676374861j),(1.0005289214380808-0.003746754676374861j),(1.0005289214380808-0.003746754676374861j),(1.0012242186404137-0.0011342305968295365j),(1.0012242186404137-0.0011342305968295365j),(1.0012242186404137-0.0011342305968295365j),(1.0012242186404137-0.0011342305968295365j)
17,17,17,17,17,17,17,17,17,17,17,17,17,(0.9645884483541636-1.1208195986336533j),(1.0000560482393523+0.0009916273167416543j),(1.0000038219830383-5.133114128420303e-06j),(1.0000038219830383-5.133114128420303e-06j),(1.0367669248460378-0.13966652059928314j),(0.9964369403139262-0.0004810237184432731j),(0.9964369403139262-0.0004810237184432731j),(0.9964369403139262-0.0004810237184432731j),(0.9989128521338451-0.0030594766173583127j),(0.9989128521338451-0.0030594766173583127j),(0.9989128521338451-0.0030594766173583127j),(0.9989128521338451-0.0030594766173583127j),(0.9986140964585004-0.0018574218561918888j),(0.9986140964585004-0.0018574218561918888j),(0.9986140964585004-0.0018574218561918888j),(0.9986140964585004-0.0018574218561918888j)
18,18,18,18,18,18,18,18,18,18,18,18,18,(0.6518825653997034-1.3041658026112308j),(0.9983721398259051+0.0009165652640731786j),(1.0000039556320444-5.392495274379348e-06j),(1.0000039556320444-5.392495274379348e-06j),(1.0199593294323726-0.20707624517679324j),(0.9975245273910627+0.0008167280012062542j),(0.9975245273910627+0.0008167280012062542j),(0.9975245273910627+0.0008167280012062542j),(0.9982194674193066-0.0010277559048072079j),(0.9982194674193066-0.0010277559048072079j),(0.9982194674193066-0.0010277559048072079j),(0.9982194674193066-0.0010277559048072079j),(0.9983382152481453+0.00013679418361494397j),(0.9983382152481453+0.00013679418361494397j),(0.9983382152481453+0.00013679418361494397j),(0.9983382152481453+0.00013679418361494397j)
19,19,19,19,19,19,19,19,19,19,19,19,19,(0.28213388619805607-1.3840880000939122j),(0.9939224995950383-0.00013003468409431137j),(1.0000040912004173-5.653803744844112e-06j),(1.0000040912004173-5.653803744844112e-06j),(1.000648701365535-0.29264607441460155j),(0.9983807424471584+0.001467530104841384j),(0.9983807424471584+0.001467530104841384j),(0.9983807424471584+0.001467530104841384j),(1.0023432186102996-0.009898594804330717j),(0.9984389636957888-0.00031067225316725594j),(0.9984389636957888-0.00031067225316725594j),(0.9984389636957888-0.00031067225316725594j),(0.9998930718639488+0.0009207826657979257j),(0.9998930718639488+0.0009207826657979257j),(0.9998930718639488+0.0009207826657979257j),(0.9998930718639488+0.0009207826657979257j)
20,20,20,20,20,20,20,20,20,20,20,20,20,(-0.09851865451635851-1.3426213145513355j),(0.9846689903192845-0.0009998500664256203j),(1.000004226814297-5.916671390113659e-06j),(1.000004226814297-5.916671390113659e-06j),(0.9473483978648025-0.3763651868467857j),(0.9992179627089416+0.0013910182066013536j),(0.9992179627089416+0.0013910182066013536j),(0.9992179627089416+0.0013910182066013536j),(1.0033168479682397-0.024104618538731224j),(0.9987529673691921+0.00033055605958188394j),(0.9987529673691921+0.00033055605958188394j),(0.9987529673691921+0.00033055605958188394j),(1.0010367577736463+2.091481341336414e-05j),(1.0010367577736463+2.091481341336414e-05j),(1.0010367577736463+2.091481341336414e-05j),(1.0010367577736463+2.091481341336414e-05j)
21,21,21,21,21,21,21,21,21,21,21,21,21,(-0.4415193063590598-1.1839306646435792j),(0.9686330285567295+0.002759055325101483j),(0.8875833623740531+0.07521620179899645j),(0.9507421176581143+0.06704849823485717j),(0.8855013990952763-0.4709896054839565j),(0.9998862485492451+0.0013558186674345629j),(0.9998862485492451+0.0013558186674345629j),(0.9998862485492451+0.0013558186674345629j),(0.9992176540394985-0.036683758492922075j),(0.9995220033759927+0.000342311110226202j),(0.9995220033759927+0.000342311110226202j),(0.9995220033759927+0.000342311110226202j),(1.000340214170549+0.000255096490581944j),(1.000340214170549+0.000255096490581944j),(1.000340214170549+0.000255096490581944j),(1.000340214170549+0.000255096490581944j)
22,22,22,22,22,22,22,22,22,22,22,22,22,(-0.7059770594403967-0.9321709630941113j),(0.34122370777060124-0.10121393595112847j),,,(0.7912794312679371-0.5468331471455952j),(1.0001865190145454+0.001035591143964197j),(1.0001865190145454+0.001035591143964197j),(1.0001865190145454+0.001035591143964197j),(0.9993273175055306-0.06880999437206832j),(0.9994087825012499+0.00026832310507299376j),(0.9994087825012499+0.00026832310507299376j),(0.9994087825012499+0.00026832310507299376j),(1.0000862567253455-3.552556034674937e-05j),(1.0000862567253455-3.552556034674937e-05j),(1.0000862567253455-3.552556034674937e-05j),(1.0000862567253455-3.552556034674937e-05j)
23,23,23,23,23,23,23,23,23,23,23,23,23,(-0.8660365204651124-0.6251205960731225j),,,,(0.6874094033669207-0.6237311383793726j),(1.0005716714966453+0.0007505087691632187j),(1.0005716714966453+0.0007505087691632187j),(1.0005716714966453+0.0007505087691632187j),(0.99102807297122-0.10965108262237515j),(0.9997391558490594+0.00043445416763328526j),(0.9997391558490594+0.00043445416763328526j),(0.9997391558490594+0.00043445416763328526j),(0.9996345098019426-9.833523888073565e-05j),(0.9996345098019426-9.833523888073565e-05j),(0.9996345098019426-9.833523888073565e-05j),(0.9996345098019426-9.833523888073565e-05j)
24,24,24,24,24,24,24,24,24,24,24,24,24,(-0.9141637635538755-0.30571821761917733j),,,,(0.5628673086592948-0.6684545527971804j),(1.0006345281545546+0.00041082904493241747j),(1.0006345281545546+0.00041082904493241747j),(1.0006345281545546+0.00041082904493241747j),(0.9708171920258809-0.14219966321958885j),(0.9997565788864985+0.00024739160883788724j),(0.9997565788864985+0.00024739160883788724j),(0.9997565788864985+0.00024739160883788724j),(0.9994489237960665+0.0001691872257066914j),(0.9994489237960665+0.0001691872257066914j),(0.9994489237960665+0.0001691872257066914j),(0.9994489237960665+0.0001691872257066914j)
25,25,25,25,25,25,25,25,25,25,25,25,25,(-0.8602466618444375-0.013753347127867561j),,,,(0.4327400228563833-0.7056213935367852j),(1.0006221646842055+0.0002625803379699038j),(1.0006483578297345+4.5447632304341265e-05j),(1.0006483578297345+4.5447632304341265e-05j),(0.9507581097140615-0.19700877349115445j),(0.9997727959994193+0.00046248123696551545j),(0.9997727959994193+0.00046248123696551545j),(0.9997727959994193+0.00046248123696551545j),(1.002376985890637-0.010189344296053322j),(1.0002447669480559+0.0004755077919926995j),(1.0002447669480559+0.0004755077919926995j),(1.0002447669480559+0.0004755077919926995j)
26,26,26,26,26,26,26,26,26,26,26,26,26,(-0.7274292323785199+0.22051504757399834j),,,,(0.29901172427960576-0.7056641881160746j),(1.000679624358037+0.00037268605505163773j),(1.0005092618358171-0.00016863244712024864j),(1.0005092618358171-0.00016863244712024864j),(0.9170160422661177-0.25825955377521104j),(1.0000470394326004+0.0002584335764652377j),(1.0000470394326004+0.0002584335764652377j),(1.0000470394326004+0.0002584335764652377j),(1.0011503724128248-0.026041828289261937j),(1.0005226332138155+0.0002338964117227794j),(1.0005226332138155+0.0002338964117227794j),(1.0005226332138155+0.0002338964117227794j)
27,27,27,27,27,27,27,27,27,27,27,27,27,(-0.544748308687985+0.37783174764687927j),,,,(0.16719563816162566-0.693779329110582j),(1.000976547010641+0.0015890265335064214j),(1.0002913667955493-0.0003241000846147034j),(1.0002913667955493-0.0003241000846147034j),(0.8712636469946246-0.30194218304763265j),(1.0000096134041765+0.00029212222798802594j),(1.0000096134041765+0.00029212222798802594j),(1.0000096134041765+0.00029212222798802594j),(0.9955354044542752-0.039647344573700054j),(1.00047523803292-1.9788280241630223e-05j),(1.00047523803292-1.9788280241630223e-05j),(1.00047523803292-1.9788280241630223e-05j)
28,28,28,28,28,28,28,28,28,28,28,28,28,,,,,(0.0482181900088858-0.6492999838242769j),(1.0026030680405873+0.002923084302176134j),(1.0001346486695104-0.0003333719203863049j),(1.0001346486695104-0.0003333719203863049j),(0.8192487617837949-0.3639779289701447j),(1.0002190324720979+0.0002857457859238179j),(1.0002190324720979+0.0002857457859238179j),(1.0002190324720979+0.0002857457859238179j),(0.9888868558109628-0.047739117371400755j),(1.0002780098456268-0.00015335516455773282j),(1.0002780098456268-0.00015335516455773282j),(1.0002780098456268-0.00015335516455773282j)
29,29,29,29,29,29,29,29,29,29,29,29,29,,,,,(-0.0610618699077042-0.5939154982935858j),(1.0060901636507322+0.006613302460933876j),(0.9999687531652771-0.00028112295329697746j),(0.9999687531652771-0.00028112295329697746j),(0.7516711899589784-0.424347896030977j),(1.0001275462176602+5.7108554165433414e-05j),(1.0001275462176602+5.7108554165433414e-05j),(1.0001275462176602+5.7108554165433414e-05j),(0.9843926011779802-0.07984897245985415j),(1.000152410414171-0.00037498612555268116j),(1.000152410414171-0.00037498612555268116j),(1.000152410414171-0.00037498612555268116j)
30,30,30,30,30,30,30,30,30,30,30,30,30,,,,,(-0.14657210932434522-0.5173810756875612j),(1.0129286373041664+0.008708360704487788j),(0.9999036951074823-0.00020869519883413612j),(0.9999036951074823-0.00020869519883413612j),(0.6787450375585308-0.4597711869242919j),(1.0001881938267616+8.269769671767651e-05j),(1.0001881938267616+8.269769671767651e-05j),(1.0001881938267616+8.269769671767651e-05j),(0.9701179527118664-0.12202777209454288j),(0.9999420810816038-0.00038369191177946104j),(0.9999420810816038-0.00038369191177946104j),(0.9999420810816038-0.00038369191177946104j)
31,31,31,31,31,31,31,31,31,31,31,31,31,,,,,(-0.21731061614975933-0.4352272047581883j),(1.0248773602381744+0.01372288670233877j),(0.9998638950393943-0.00010745177384457577j),(0.9998638950393943-0.00010745177384457577j),(0.5966200412545287-0.5040583702366758j),(1.0002221481455842-5.8608564579661015e-05j),(1.0002221481455842-5.8608564579661015e-05j),(1.0002221481455842-5.8608564579661015e-05j),(0.9472651594022059-0.15660795975697472j),(0.9998200704470036-0.00020985749456575449j),(0.9998200704470036-0.00020985749456575449j),(0.9998200704470036-0.00020985749456575449j)
32,32,32,32,32,32,32,32,32,32,32,32,32,,,,,(-0.2609846746554431-0.3458210977496083j),(1.0417915931072133+0.012759726481274474j),(0.9998629979183055-4.639852956252615e-05j),(0.9998629979183055-4.639852956252615e-05j),(0.5041051771540043-0.5381573784999405j),(1.0000746807479124-2.5267984137568626e-05j),(1.0000746807479124-2.5267984137568626e-05j),(1.0000746807479124-2.5267984137568626e-05j),(0.9245827053324682-0.17689540979565843j),(0.9998182944516995-4.5606016223512575e-05j),(0.9998182944516995-4.5606016223512575e-05j),(0.9998182944516995-4.5606016223512575e-05j)
33,33,33,33,33,33,33,33,33,33,33,33,33,,,,,(-0.2890311491850261-0.25776736928509614j),(1.0681117300372138+0.013245520813241752j),(0.9998973107209221+1.8461961958453345e-05j),(0.9998973107209221+1.8461961958453345e-05j),(0.41734989474764594-0.5461723724528355j),(1.0001145097763124-8.465291134024773e-05j),(1.0001145097763124-8.465291134024773e-05j),(1.0001145097763124-8.465291134024773e-05j),(0.897130013842741-0.22627469687419063j),(0.9998029815820753-2.4154691495873416e-05j),(0.9998029815820753-2.4154691495873416e-05j),(0.9998029815820753-2.4154691495873416e-05j)
34,34,34,34,34,34,34,34,34,34,34,34,34,,,,,(-0.2935877311189952-0.1745187863047387j),(1.09829150201995+0.0006313095932784458j),(0.9999231101588576+4.703148940451501e-05j),(0.9999231101588576+4.703148940451501e-05j),(0.3242948658941628-0.5545205733046668j),(1.0000335362979593-0.00013761956503061207j),(1.0000335362979593-0.00013761956503061207j),(1.0000335362979593-0.00013761956503061207j),(0.8540836778689662-0.2840785483126711j),(0.9997967502957266+9.260093730913267e-05j),(0.9997967502957266+9.260093730913267e-05j),(0.9997967502957266+9.260093730913267e-05j)
35,35,35,35,35,35,35,35,35,35,35,35,35,,,,,(-0.28555174366290875-0.09860156762528334j),(1.1415057359047218-0.014873232055140583j),(0.999972466558627+5.844014330728969e-05j),(0.999972466558627+5.844014330728969e-05j),(0.22981195624613016-0.5496375759695414j),(1.0000350670731353-5.740256285169779e-05j),(1.0000350670731353-5.740256285169779e-05j),(1.0000350670731353-5.740256285169779e-05j),(0.802938426066167-0.32717472701304173j),(0.9999343223916376+0.00014972022646682681j),(0.9999343223916376+0.00014972022646682681j),(0.9999343223916376+0.00014972022646682681j)
36,36,36,36,36,36,36,36,36,36,36,36,36,,,,,(-0.2617980796718848-0.035017267601801405j),(1.1823185318904506-0.051390582315859815j),(0.9999985144830786+5.7245976710546024e-05j),(0.9999985144830786+5.7245976710546024e-05j),(0.15094759811247194-0.5249614586720658j),(0.9999857990107645-9.489646407555153e-05j),(0.9999857990107645-9.489646407555153e-05j),(0.9999857990107645-9.489646407555153e-05j),(0.7580624863744672-0.3493400646946056j),(1.000040376506767+0.00012262916560158474j),(1.000040376506767+0.00012262916560158474j),(1.000040376506767+0.00012262916560158474j)
37,37,37,37,37,37,37,37,37,37,37,37,37,,,,,(-0.23075288107400474+0.017970431966330237j),(1.2369064226928974-0.0974283090086308j),(1.0000251038318546+3.614378561115096e-05j),(1.0000251038318546+3.614378561115096e-05j),(0.07128297817217326-0.4968768172904054j),(1.0003191961269642+7.575496985021767e-05j),(0.9999378907134384-4.9966784106008417e-05j),(0.9999378907134384-4.9966784106008417e-05j),(0.7007128442745945-0.39404013161094487j),(1.0000288736680167+0.00011014209669117148j),(1.0000288736680167+0.00011014209669117148j),(1.0000288736680167+0.00011014209669117148j)
38,38,38,38,38,38,38,38,38,38,38,38,38,,,,,(-0.1927804095945315+0.05626000902275127j),(1.276852921294565-0.16935582669653018j),(1.0000365777734197+2.199303706626123e-05j),(1.0000365777734197+2.199303706626123e-05j),(-0.002127028289394532-0.45834774116698457j),(1.0009312010855425+6.455660607234762e-05j),(0.999981724165588-4.101781765897734e-05j),(0.999981724165588-4.101781765897734e-05j),(0.6271100977022904-0.43968064008880525j),(1.000095951574757+9.746325323768069e-05j),(1.000095951574757+9.746325323768069e-05j),(1.000095951574757+9.746325323768069e-05j)
39,39,39,39,39,39,39,39,39,39,39,39,39,,,,,(-0.15309175272468595+0.08377726140686456j),(0.9230996112069728-0.17849098716689268j),(0.047239257579141644-0.1145495237761646j),(0.5675714326827381-0.012553213246804761j),(-0.055509072596567434-0.4105317484498131j),(1.0013667038036618-0.0001350218332170498j),(0.9999544670227795-1.0764751205247035e-05j),(0.9999544670227795-1.0764751205247035e-05j),(0.5519476438306663-0.46610450034688256j),(1.0001058289352034+4.455276768700195e-06j),(1.0001058289352034+4.455276768700195e-06j),(1.0001058289352034+4.455276768700195e-06j)
40,40,40,40,40,40,40,40,40,40,40,40,40,,,,,(-0.11375791314319439+0.09836927609477321j),,,,(-0.10515011383023672-0.3601373615368489j),(1.003792979750013-9.933315153611061e-05j),(0.9999767274441543+2.0652912901680314e-05j),(0.9999767274441543+2.0652912901680314e-05j),(0.49218438114756835-0.47245279279924085j),(1.0000756417714487-5.304364035173969e-05j),(1.0000756417714487-5.304364035173969e-05j),(1.0000756417714487-5.304364035173969e-05j)
41,41,41,41,41,41,41,41,41,41,41,41,41,,,,,(-0.07700518602639038+0.10438441908633962j),,,,(-0.1449261732530913-0.30530490769528723j),(1.0069524100476106-0.0010249347909158817j),(0.9999846541430573-3.1940181802080014e-06j),(0.9999846541430573-3.1940181802080014e-06j),(0.4181820598459961-0.4892422427056469j),(1.000066117737431-4.303250874854845e-05j),(1.000066117737431-4.303250874854845e-05j),(1.000066117737431-4.303250874854845e-05j)
42,42,42,42,42,42,42,42,42,42,42,42,42,,,,,(-0.04508237838031107+0.10153975108398305j),,,,(-0.16654527124228097-0.25149478751254756j),(1.0093047032515559-0.0028471365942119914j),(0.9999996695160334+1.5003963504590166e-05j),(0.9999996695160334+1.5003963504590166e-05j),(0.33329068641414505-0.4997913474921591j),(1.0000488096098936-7.017054265360406e-05j),(1.0000488096098936-7.017054265360406e-05j),(1.0000488096098936-7.017054265360406e-05j)
43,43,43,43,43,43,43,43,43,43,43,43,43,,,,,(-0.0180366788693924+0.09344999322648095j),,,,(-0.1828782602652009-0.1982503242103011j),(1.0168439209747593-0.005274064174405874j),(1.0000179929399453+5.719046814595819e-06j),(1.0000179929399453+5.719046814595819e-06j),(0.25586488214724173-0.49309967406905975j),(1.0000026734413165-5.8965712006815223e-05j),(1.0000026734413165-5.8965712006815223e-05j),(1.0000026734413165-5.8965712006815223e-05j)
44,44,44,44,44,44,44,44,44,44,44,44,44,,,,,(0.0026022316636174847+0.08101899433570266j),,,,(-0.19020871005617665-0.1465077147132991j),(1.0256830489474558-0.010617930481783907j),(1.0000065910678841+1.2444568592423645e-06j),(1.0000065910678841+1.2444568592423645e-06j),(0.19989693739750514-0.4750982801845939j),(0.9999820256989888-3.8631215767709726e-05j),(0.9999820256989888-3.8631215767709726e-05j),(0.9999820256989888-3.8631215767709726e-05j)
45,45,45,45,45,45,45,45,45,45,45,45,45,,,,,(0.017995590913501315+0.06662461364243334j),,,,(-0.1855823497742019-0.102403044798033j),(1.0315135157451687-0.017978376671442142j),(1.0000180490018336-5.695662107306712e-06j),(1.0000180490018336-5.695662107306712e-06j),(0.1341166229400075-0.4579806282419891j),(0.9999883542228781-3.588783781414798e-05j),(0.9999883542228781-3.588783781414798e-05j),(0.9999883542228781-3.588783781414798e-05j)
46,46,46,46,46,46,46,46,46,46,46,46,46,,,,,(0.027584044893343422+0.05156293189596715j),,,,(-0.1770269009444625-0.06162286108591888j),(1.046584414756273-0.029055173622039056j),(1.0000147129877068-1.529477130193837e-05j),(1.0000147129877068-1.529477130193837e-05j),(0.06537449402189544-0.43242341067640755j),(0.9999806136093553-3.020954538497262e-05j),(0.9999806136093553-3.020954538497262e-05j),(0.9999806136093553-3.020954538497262e-05j)
47,47,47,47,47,47,47,47,47,47,47,47,47,,,,,(0.032902749990599056+0.03698329111071173j),,,,(-0.16311926128230403-0.025783070676465916j),(1.0623541356930624-0.04641461807163807j),(1.0000133435952157-9.782888166188276e-06j),(1.0000133435952157-9.782888166188276e-06j),(0.009717311841024293-0.3973924684972639j),(0.999985682235186-1.3723070973893668e-05j),(0.999985682235186-1.3723070973893668e-05j),(0.999985682235186-1.3723070973893668e-05j)
