 (1.000000000000000000e+00+0.000000000000000000e+00j), (0.000000000000000000e+00+0.000000000000000000e+00j), (0.000000000000000000e+00+0.000000000000000000e+00j), (0.000000000000000000e+00+0.000000000000000000e+00j), (0.000000000000000000e+00+0.000000000000000000e+00j), (0.000000000000000000e+00+0.000000000000000000e+00j), (0.000000000000000000e+00+0.000000000000000000e+00j), (0.000000000000000000e+00+0.000000000000000000e+00j), (0.000000000000000000e+00+0.000000000000000000e+00j), (0.000000000000000000e+00+0.000000000000000000e+00j), (0.000000000000000000e+00+0.000000000000000000e+00j), (0.000000000000000000e+00+0.000000000000000000e+00j), (0.000000000000000000e+00+0.000000000000000000e+00j), (0.000000000000000000e+00+0.000000000000000000e+00j), (0.000000000000000000e+00+0.000000000000000000e+00j), (0.000000000000000000e+00+0.000000000000000000e+00j)
 (0.000000000000000000e+00+0.000000000000000000e+00j), (0.000000000000000000e+00+0.000000000000000000e+00j), (0.000000000000000000e+00+0.000000000000000000e+00j), (0.000000000000000000e+00+0.000000000000000000e+00j), (3.707902153343590465e-05+2.018814503746413561e-05j), (-1.020139835409357602e+03+2.899652901658346309e+02j), (4.461845813285372786e-05+1.085383345330639328e-05j), (6.042513459611247235e-05-2.020230565702664361e-05j), (1.339521140230223888e-05+1.628270353238209453e-06j), (-1.754078579211857516e+02+7.172990666327297049e+01j), (-5.533718822524970630e-05-5.826966121402767741e-05j), (-2.949312928162567144e-05+6.176380383357560084e-06j), (6.554516330754106908e-06-1.529381883168674829e-05j), (-2.768268927469550817e+02-4.373843952190428297e+01j), (3.391049290640279243e-05+1.261543435309650258e-04j), (-3.210301613473912118e-05-8.927834085819927226e-05j)
 (0.000000000000000000e+00+0.000000000000000000e+00j), (0.000000000000000000e+00+0.000000000000000000e+00j), (0.000000000000000000e+00+0.000000000000000000e+00j), (0.000000000000000000e+00+0.000000000000000000e+00j), (7.095253274224098000e-06-6.991064837697469903e-06j), (2.095536303086308294e+02-2.386962946585474477e+00j), (2.080322370727625202e-05-6.206098208267936541e-05j), (-4.613602724284031472e-05-4.049975770590120912e-05j), (4.189552216754718184e-05-2.044238048767968823e-05j), (-4.607324243395993335e+02+4.076483390206330455e+02j), (9.219615177197370128e-05+3.850982455443563505e-05j), (-6.037849392107146752e-06+3.204290016291893147e-05j), (-4.388669688113268802e-06+1.412055384868374515e-06j), (-5.579902327579189887e+02-6.931287159931681572e+02j), (8.077207684163363710e-06-6.072687176422150767e-05j), (-4.095615627120665362e-05+7.048448929838248950e-05j)
 (0.000000000000000000e+00+0.000000000000000000e+00j), (0.000000000000000000e+00+0.000000000000000000e+00j), (0.000000000000000000e+00+0.000000000000000000e+00j), (0.000000000000000000e+00+0.000000000000000000e+00j), (2.803192195843991365e-05-3.908881314064289531e-05j), (3.250266197832366402e+02+1.150620561052287485e+02j), (-3.079436035192453916e-05+9.556895547445230137e-05j), (5.401074487277624512e-06-2.362177932451775704e-05j), (4.553801565913713061e-06+3.842395392811774586e-05j), (-4.871499854462450116e+02-2.156573122080365863e+02j), (7.192691413354928674e-06-8.489299871476906057e-05j), (4.086196779217275016e-05+1.364093419218746718e-04j), (-1.505233802292961436e-05+2.065485433064783065e-05j), (-4.303227788363805075e+02-1.389041577508143064e+02j), (-4.112157801646540835e-05+2.769210307395755040e-05j), (3.998739375008137677e-05+2.083643289461840388e-04j)
 (0.000000000000000000e+00+0.000000000000000000e+00j), (-3.252278280593752139e-05+2.939243309752148864e-05j), (3.615919748410221564e-05+1.189774769381238647e-05j), (6.967829885584811520e-05-8.082296202466425559e-06j), (0.000000000000000000e+00+0.000000000000000000e+00j), (5.586661714982174562e-06+3.007410602455761663e-05j), (-8.354046347983316975e-05+2.272320473178454043e-05j), (6.032271871635489310e-05+3.619314886524051890e-05j), (0.000000000000000000e+00+0.000000000000000000e+00j), (-2.000190987539663865e-05-5.221633252266777637e-05j), (3.850020150097770155e-05+1.214436664778632098e-05j), (-2.385545565330296895e-05-4.348740810933269700e-05j), (0.000000000000000000e+00+0.000000000000000000e+00j), (-2.847163927741851001e-05+6.355636909747430395e-05j), (-3.100411172897734425e-05-2.738756640471971696e-05j), (-6.650016151335006126e-05-1.141721613472911157e-06j)
 (0.000000000000000000e+00+0.000000000000000000e+00j), (-5.695867346477119991e-05+1.520647308547382314e-06j), (-3.441880750606842224e-05-6.683709649770496549e-05j), (1.897677734262510302e-05-1.176903339252507519e-04j), (3.447770808714155777e+01-1.034499994126918949e+02j), (9.999470234880757369e-01+2.315504215735251028e-05j), (8.507883183362840095e-06+8.776932793795945464e-05j), (1.885108532343214693e-05+8.508051286030446190e-07j), (-8.483758317258877923e+02+1.406846782030533518e+02j), (-2.805134762092850629e-06+4.119789081624809725e-05j), (9.999484966188543211e-01-8.378608392110839845e-05j), (2.456196731472981912e-05+4.453126584569853420e-05j), (-4.156151403989225628e+02+1.146424048393942030e+02j), (-3.110956150417756221e-05+3.030399446094334960e-05j), (-1.721320874097472035e-05-4.225946206069684981e-05j), (1.000076222210497523e+00+3.117118587951227276e-05j)
 (0.000000000000000000e+00+0.000000000000000000e+00j), (-2.910260357958367283e-05-2.309972312498667873e-05j), (-8.045217641485380292e-05+9.661989693481416868e-06j), (1.438665270664343588e-05+6.805073716143176415e-05j), (3.918857800338786888e+02+3.264202379190144256e+02j), (4.984065719984713186e-05+5.418781733739486253e-06j), (1.552706372911036669e-06-5.041581508116773893e-05j), (5.677123194728936708e-05-3.345605655330215444e-06j), (-3.698983941569892409e+02+2.835834163609280267e+02j), (-7.279101447069750794e-06+2.021739457548349581e-05j), (-1.445876616339804624e-04-7.767233914012437420e-05j), (2.622532344952068737e-05-4.190496986673349837e-05j), (4.910408130417458779e+02-2.985127083380577346e+02j), (6.088595468787270224e-06+1.194472416276554451e-05j), (-1.061417843446473626e-04+5.017367199492552774e-06j), (-4.278833955305125540e-05+2.184337190312722539e-05j)
 (0.000000000000000000e+00+0.000000000000000000e+00j), (-3.798057243466391878e-05+4.698142421068336502e-06j), (8.721949307538342665e-05+7.086167096963973729e-05j), (7.837665494285316189e-06+3.600564317796242582e-05j), (2.053748656820021381e+02+5.590554897370503795e+02j), (-2.893367118945648728e-05+2.293808251026086085e-05j), (1.099992724691320429e-05+2.464277745681483399e-05j), (8.477814477427608427e-05+7.660806734388423539e-05j), (-8.574412929507526826e+01+1.833573448312445180e+02j), (2.183871950601857378e-05-1.450258443191521044e-05j), (-1.370600688099969043e-05-1.514177589643939266e-05j), (-3.883742613833621104e-06-4.063956929719027619e-05j), (-6.485975843668365997e+02+1.459372238745642107e+02j), (-5.343077646121053868e-06-2.329780457090584436e-05j), (5.738998425231421564e-05+3.693704876811578224e-05j), (5.573510655729783052e-05-9.593026865809834304e-05j)
 (0.000000000000000000e+00+0.000000000000000000e+00j), (-4.625288409793880981e-05+2.052871628536101831e-05j), (3.712587494089213465e+02+2.127932001781642555e+02j), (-1.175888103311695829e+02+2.329802300175236667e+02j), (0.000000000000000000e+00+0.000000000000000000e+00j), (-1.753920176401038185e-05-5.628496557783613057e-05j), (-3.779005108507989803e+02+1.985634206681399974e+02j), (4.512469621769523656e+02+5.144930350698317767e+01j), (0.000000000000000000e+00+0.000000000000000000e+00j), (-3.590030306505279513e-05-1.394268635382984881e-04j), (-1.650184636993226661e+02-5.182066039342474824e+02j), (-2.312285282654532921e+02-3.626556340992955541e+01j), (0.000000000000000000e+00+0.000000000000000000e+00j), (-7.076068405317606220e-05+1.699527007560010052e-05j), (-1.744368597404570096e+02+2.533875567280360031e+02j), (8.169031447371338572e+01-3.628723786004597969e+02j)
 (0.000000000000000000e+00+0.000000000000000000e+00j), (3.043102626015723353e-05+1.359768684245013340e-05j), (2.960304444729219995e+02-6.189185776018290426e+02j), (-3.995161805154241961e+02-6.603314785529924791e+00j), (-2.078640496487019798e-05+1.372156268003147594e-05j), (-1.146535237804306506e-04+8.414875790441821526e-05j), (4.378708811825195539e+02-5.340976341719948550e+02j), (2.199653309406563153e+02+2.344797174076306234e+01j), (2.667441019092258559e-05+5.051619470379302109e-05j), (9.966072636763848654e-05+2.552618726276898418e-05j), (-2.137182715584599890e+01-7.450101082730608368e+02j), (1.192872923503712457e+02-1.835582032361601534e+02j), (-3.368065531712971262e-05-1.054152118246376977e-04j), (4.325579258096066569e-05+1.838131413433421920e-05j), (1.952375320075740603e+02+8.275874469756426777e+01j), (1.260142393755686925e+02+4.402590440386553041e+02j)
 (0.000000000000000000e+00+0.000000000000000000e+00j), (1.090382249222799065e-04-2.237667258969889194e-05j), (-3.034808547610180085e+02-1.646780694926841022e+02j), (-1.265699301187987373e+02+8.361238048854318095e+00j), (1.844072214097525230e-05+5.659897739335346956e-05j), (9.999674634517832228e-01+1.578364231777295911e-05j), (-1.990411005912711460e+02-3.117760143980806902e+02j), (5.174385457380820981e+02+1.824272750897926443e+01j), (1.290844033320214402e-04+9.073688432205990887e-05j), (-1.142946926039398989e-04+1.282936614150033329e-06j), (9.174138525776925235e+01-1.147435832469865744e+02j), (-3.056581296927664084e+02-1.752269419644215702e+02j), (-3.411583591516109329e-05+1.622571599254279235e-04j), (-6.198781556851699526e-06+8.018788508845347965e-05j), (1.151321707534235088e+02-3.844279102829692647e+02j), (-4.178280670826568439e+02-2.922549039533194559e+02j)
 (0.000000000000000000e+00+0.000000000000000000e+00j), (-8.860543086553121083e-05+7.303014641413581732e-05j), (7.517237701740961029e+02-1.588596585381312920e+01j), (-4.204379419019273456e+01+4.498465879386680655e+01j), (1.035345223111566889e-04+8.146958125082453281e-05j), (-6.812715400073145839e-05+6.694513181427315038e-05j), (-3.791353734773002202e+02-2.719596638072404176e+02j), (-5.621220610922742722e+00-2.695899404372188997e+02j), (-5.806655560976188926e-05+5.023911805187646583e-05j), (8.872446752233738548e-05-2.726592382040334833e-05j), (-2.567389318024092972e+02+4.919931306995590603e+01j), (-4.978040181179051729e+02+7.055703521755478960e+02j), (1.933334232078238001e-05-2.575706885301204803e-05j), (1.193128016255547600e-05+5.817843815569066198e-05j), (3.039014727947306369e+02+8.078749042261108571e+01j), (7.690223291690718099e+01-8.923634907886099654e+01j)
 (0.000000000000000000e+00+0.000000000000000000e+00j), (-7.476501061513516103e-05+5.036124405193252707e-05j), (1.946315046144569294e+00-3.535141710019829020e-01j), (-3.000247324655879879e+02+7.949084621575043030e+00j), (0.000000000000000000e+00+0.000000000000000000e+00j), (-4.481220439519579347e-05+3.169242774653134850e-06j), (6.977298481695666510e+01+3.815127425659998153e+02j), (-3.066877999817436944e+02+1.819500937428781526e+02j), (0.000000000000000000e+00+0.000000000000000000e+00j), (-1.280790619401784008e-04+2.725132179017819703e-05j), (2.727303067642787937e+02-9.414663788169535508e+01j), (-2.514507754561634556e+02-3.279226870934196540e+02j), (0.000000000000000000e+00+0.000000000000000000e+00j), (6.191553101601417956e-05-1.483007200295058533e-04j), (-1.776335693569969010e+00-6.183728035792244526e+01j), (-2.823824883452130052e+02+6.002486146290228817e+02j)
 (0.000000000000000000e+00+0.000000000000000000e+00j), (-2.891445599889921160e-05-4.133703511975697045e-05j), (4.093626163233592479e+02+1.280350554330675266e+02j), (-4.816088332245160473e+02-2.060872337266911103e+01j), (-1.006268784314429777e-04+1.533660589078764559e-05j), (-4.381983167988144574e-05+2.986422710428538694e-05j), (-2.317022244356869862e+02-2.505057256501079905e+02j), (-1.382157306641755952e+02+2.332962006990347277e+02j), (2.195048785655978135e-05-2.291479097668747635e-06j), (6.800720555112424568e-05+7.438275301844889955e-05j), (-5.590699263559267251e+01-3.633142417342911301e+01j), (-1.313907841787210486e+02+4.865104463872403358e+02j), (-5.673784581772343266e-05-7.284104948505668010e-05j), (-2.557222821419427865e-05+2.096867984015488105e-05j), (-3.745455490411157484e+02+1.259814135989780794e+02j), (-2.622778729987612678e+02-1.164919639712780537e+02j)
 (0.000000000000000000e+00+0.000000000000000000e+00j), (5.276793046130535318e-05-5.687683964099268834e-05j), (-2.589030145938367582e+02+2.422909720674429366e+02j), (2.432794724204292720e+02-1.076406401892309539e+01j), (2.695345011152373437e-05+4.928074104828844993e-05j), (2.062977198363025514e-05-3.894460782237403493e-05j), (-8.774851782711211001e+01-3.486481784250129863e+02j), (3.187641789621681596e+02+6.799727445464567666e+01j), (-7.858541061228732942e-05-6.361059687467057473e-05j), (-7.484441886362701432e-05-6.544045783510103167e-05j), (3.596778997247680536e+02+5.878617293823960210e+01j), (1.381732631292331064e+02+3.961307475392917468e+02j), (5.881141281484393026e-05+3.405365468742879541e-05j), (-1.132698736592010439e-04+7.252801745845980210e-05j), (-2.272385796680602255e+01+4.718407057025104478e+01j), (-1.419356062026030258e+02+4.834889392707983014e+00j)
 (0.000000000000000000e+00+0.000000000000000000e+00j), (5.287239891394973596e-05-1.401888685460615256e-05j), (2.057626206728783558e+01-5.273026993810063914e+02j), (6.594942136522817009e+02+4.621142864646463408e+02j), (-4.970517446382746474e-05-7.965051688532891574e-08j), (9.999284250217844727e-01-7.329220590052568985e-05j), (1.403260819268651858e+02-3.037377756895343168e+02j), (-2.960050022846646698e+02+1.382718372502204716e+02j), (6.898413384699903818e-05+9.782565239500474449e-06j), (4.291212131981236248e-05+4.389977821278619180e-05j), (6.924749778389728760e+01-4.270227901529006544e+02j), (-4.361773915811126301e+01-3.009393872849311151e+02j), (-2.809629200449542961e-05-9.458383373969579807e-05j), (-1.481340241584651470e-04-1.901693682852758735e-05j), (-1.604236804604643396e+01-5.016380032734505079e+01j), (-2.104724591124892470e+02+8.309280561417780575e+01j)
