 (1.000000000000000000e+00+0.000000000000000000e+00j), (0.000000000000000000e+00+0.000000000000000000e+00j), (0.000000000000000000e+00+0.000000000000000000e+00j), (0.000000000000000000e+00+0.000000000000000000e+00j), (0.000000000000000000e+00+0.000000000000000000e+00j), (0.000000000000000000e+00+0.000000000000000000e+00j), (0.000000000000000000e+00+0.000000000000000000e+00j), (0.000000000000000000e+00+0.000000000000000000e+00j), (0.000000000000000000e+00+0.000000000000000000e+00j), (0.000000000000000000e+00+0.000000000000000000e+00j), (0.000000000000000000e+00+0.000000000000000000e+00j), (0.000000000000000000e+00+0.000000000000000000e+00j), (0.000000000000000000e+00+0.000000000000000000e+00j), (0.000000000000000000e+00+0.000000000000000000e+00j), (0.000000000000000000e+00+0.000000000000000000e+00j), (0.000000000000000000e+00+0.000000000000000000e+00j), (0.000000000000000000e+00+0.000000000000000000e+00j), (0.000000000000000000e+00+0.000000000000000000e+00j), (0.000000000000000000e+00+0.000000000000000000e+00j), (0.000000000000000000e+00+0.000000000000000000e+00j), (0.000000000000000000e+00+0.000000000000000000e+00j), (0.000000000000000000e+00+0.000000000000000000e+00j), (0.000000000000000000e+00+0.000000000000000000e+00j), (0.000000000000000000e+00+0.000000000000000000e+00j), (0.000000000000000000e+00+0.000000000000000000e+00j), (0.000000000000000000e+00+0.000000000000000000e+00j), (0.000000000000000000e+00+0.000000000000000000e+00j), (0.000000000000000000e+00+0.000000000000000000e+00j), (0.000000000000000000e+00+0.000000000000000000e+00j), (0.000000000000000000e+00+0.000000000000000000e+00j), (0.000000000000000000e+00+0.000000000000000000e+00j), (0.000000000000000000e+00+0.000000000000000000e+00j), (0.000000000000000000e+00+0.000000000000000000e+00j), (0.000000000000000000e+00+0.000000000000000000e+00j), (0.000000000000000000e+00+0.000000000000000000e+00j), (0.000000000000000000e+00+0.000000000000000000e+00j), (0.000000000000000000e+00+0.000000000000000000e+00j), (0.000000000000000000e+00+0.000000000000000000e+00j), (0.000000000000000000e+00+0.000000000000000000e+00j), (0.000000000000000000e+00+0.000000000000000000e+00j), (0.000000000000000000e+00+0.000000000000000000e+00j), (0.000000000000000000e+00+0.000000000000000000e+00j), (0.000000000000000000e+00+0.000000000000000000e+00j), (0.000000000000000000e+00+0.000000000000000000e+00j), (0.000000000000000000e+00+0.000000000000000000e+00j), (0.000000000000000000e+00+0.000000000000000000e+00j), (0.000000000000000000e+00+0.000000000000000000e+00j), (0.000000000000000000e+00+0.000000000000000000e+00j), (0.000000000000000000e+00+0.000000000000000000e+00j), (0.000000000000000000e+00+0.000000000000000000e+00j), (0.000000000000000000e+00+0.000000000000000000e+00j), (0.000000000000000000e+00+0.000000000000000000e+00j), (0.000000000000000000e+00+0.000000000000000000e+00j), (0.000000000000000000e+00+0.000000000000000000e+00j), (0.000000000000000000e+00+0.000000000000000000e+00j), (0.000000000000000000e+00+0.000000000000000000e+00j), (0.000000000000000000e+00+0.000000000000000000e+00j), (0.000000000000000000e+00+0.000000000000000000e+00j), (0.000000000000000000e+00+0.000000000000000000e+00j), (0.000000000000000000e+00+0.000000000000000000e+00j), (0.000000000000000000e+00+0.000000000000000000e+00j), (0.000000000000000000e+00+0.000000000000000000e+00j), (0.000000000000000000e+00+0.000000000000000000e+00j), (0.000000000000000000e+00+0.000000000000000000e+00j)
 (0.000000000000000000e+00+0.000000000000000000e+00j), (1.087390337856005001e-01+0.000000000000000000e+00j), (6.599854989060834065e-02+0.000000000000000000e+00j), (-1.142140896064785666e-01+0.000000000000000000e+00j), (9.317735834868870470e-02+0.000000000000000000e+00j), (1.659756003739846358e-02+0.000000000000000000e+00j), (4.706775759595316182e-03+0.000000000000000000e+00j), (-1.152310774670850003e-02+0.000000000000000000e+00j), (8.599894545899584852e-02+0.000000000000000000e+00j), (-1.714172695765722385e-02+0.000000000000000000e+00j), (-1.118547891081976900e-02+0.000000000000000000e+00j), (1.295704611855873385e-02+0.000000000000000000e+00j), (-1.075349794318446878e-01+0.000000000000000000e+00j), (-8.736398217536340757e-03+0.000000000000000000e+00j), (5.867857903725098856e-03+0.000000000000000000e+00j), (-4.067275448499680507e-02+0.000000000000000000e+00j), (8.621430824170459029e-02+0.000000000000000000e+00j), (2.311822809389607256e-02+0.000000000000000000e+00j), (1.420137797364250283e-02+0.000000000000000000e+00j), (-3.587906488204933159e-03+0.000000000000000000e+00j), (1.282015818123790826e-02+0.000000000000000000e+00j), (-1.023614688279078991e-02+0.000000000000000000e+00j), (-1.092216729524794327e-03+0.000000000000000000e+00j), (-1.085136122557079936e-03+0.000000000000000000e+00j), (-5.138048686467880898e-03+0.000000000000000000e+00j), (-4.782694365665980663e-03+0.000000000000000000e+00j), (-3.014140038190127931e-03+0.000000000000000000e+00j), (5.681800940098094728e-03+0.000000000000000000e+00j), (-1.742520516326163948e-02+0.000000000000000000e+00j), (4.216419393997548675e-04+0.000000000000000000e+00j), (-4.678251653668055905e-04+0.000000000000000000e+00j), (8.586631716654703197e-04+0.000000000000000000e+00j), (8.607766985553491623e-02+0.000000000000000000e+00j), (-1.912382970882417488e-02+0.000000000000000000e+00j), (-3.086693141533133899e-03+0.000000000000000000e+00j), (8.687404011682504923e-03+0.000000000000000000e+00j), (-5.127189203189784321e-03+0.000000000000000000e+00j), (-3.807541208174278387e-03+0.000000000000000000e+00j), (2.426398257539576220e-03+0.000000000000000000e+00j), (-6.998940899850000872e-05+0.000000000000000000e+00j), (-7.170401826840680851e-03+0.000000000000000000e+00j), (1.567984617229516847e-02+0.000000000000000000e+00j), (5.990422243859462809e-04+0.000000000000000000e+00j), (2.534146118181773537e-03+0.000000000000000000e+00j), (1.698155677878203720e-02+0.000000000000000000e+00j), (-7.628303631456000676e-03+0.000000000000000000e+00j), (7.711310174561940289e-03+0.000000000000000000e+00j), (-2.277842614142728834e-03+0.000000000000000000e+00j), (-1.074643977534221750e-01+0.000000000000000000e+00j), (-6.592542978852507576e-03+0.000000000000000000e+00j), (-8.542241079059483683e-03+0.000000000000000000e+00j), (-2.465912839141167975e-02+0.000000000000000000e+00j), (-7.959571279286340936e-03+0.000000000000000000e+00j), (2.736257795263054640e-02+0.000000000000000000e+00j), (8.396473440444177441e-03+0.000000000000000000e+00j), (3.216882511292744589e-03+0.000000000000000000e+00j), (7.560285073525535408e-03+0.000000000000000000e+00j), (-1.307545228827873551e-03+0.000000000000000000e+00j), (-3.189734232235774507e-04+0.000000000000000000e+00j), (2.136276555306162919e-03+0.000000000000000000e+00j), (-2.563850578621221232e-02+0.000000000000000000e+00j), (5.135673622440725151e-03+0.000000000000000000e+00j), (1.997412237112434780e-03+0.000000000000000000e+00j), (1.214593458738154374e-03+0.000000000000000000e+00j)
 (0.000000000000000000e+00+0.000000000000000000e+00j), (5.336440117801274224e-02+0.000000000000000000e+00j), (7.281904861048453526e-02+0.000000000000000000e+00j), (-7.949794458077069637e-02+0.000000000000000000e+00j), (-4.242340838781209766e-02+0.000000000000000000e+00j), (5.962331588124572535e-02+0.000000000000000000e+00j), (4.278426265744499427e-03+0.000000000000000000e+00j), (-1.849219332962625043e-02+0.000000000000000000e+00j), (1.143618190560785272e-02+0.000000000000000000e+00j), (3.507115713746395205e-03+0.000000000000000000e+00j), (-1.610992299140584852e-02+0.000000000000000000e+00j), (2.003763762624352976e-02+0.000000000000000000e+00j), (-3.810275978726814124e-03+0.000000000000000000e+00j), (-4.701574560613581977e-02+0.000000000000000000e+00j), (-5.787046802157766109e-03+0.000000000000000000e+00j), (-3.485018208023295261e-02+0.000000000000000000e+00j), (-3.309952972022896234e-02+0.000000000000000000e+00j), (-1.453268122123887139e-03+0.000000000000000000e+00j), (3.858984458632978582e-03+0.000000000000000000e+00j), (-1.177476833119486810e-02+0.000000000000000000e+00j), (1.580811021975488465e-02+0.000000000000000000e+00j), (1.126092049536474640e-02+0.000000000000000000e+00j), (-7.175153928039793537e-03+0.000000000000000000e+00j), (-2.464625102049779887e-03+0.000000000000000000e+00j), (-8.556514534601504865e-03+0.000000000000000000e+00j), (7.063236133260466544e-03+0.000000000000000000e+00j), (-1.086666339878908025e-02+0.000000000000000000e+00j), (-1.587043051256871104e-02+0.000000000000000000e+00j), (-2.999716984808018048e-03+0.000000000000000000e+00j), (-1.684320894329428137e-02+0.000000000000000000e+00j), (6.382562462465666935e-03+0.000000000000000000e+00j), (-5.209906040420874372e-04+0.000000000000000000e+00j), (-1.265708330613892971e-02+0.000000000000000000e+00j), (-2.533831745550847725e-02+0.000000000000000000e+00j), (-2.149634371786612874e-02+0.000000000000000000e+00j), (9.090538231230406788e-03+0.000000000000000000e+00j), (8.045769537292262255e-03+0.000000000000000000e+00j), (2.846178397418959709e-03+0.000000000000000000e+00j), (1.200941271444420401e-02+0.000000000000000000e+00j), (-1.144521510653167054e-02+0.000000000000000000e+00j), (2.970960273458877424e-03+0.000000000000000000e+00j), (4.113151637564945069e-03+0.000000000000000000e+00j), (-5.385846429433223913e-03+0.000000000000000000e+00j), (-1.053839251077562031e-02+0.000000000000000000e+00j), (3.511940750592261462e-02+0.000000000000000000e+00j), (2.083764266451413466e-02+0.000000000000000000e+00j), (4.897405636226339481e-02+0.000000000000000000e+00j), (2.321773814279434051e-02+0.000000000000000000e+00j), (1.120400517593559027e-02+0.000000000000000000e+00j), (2.506185015434784710e-03+0.000000000000000000e+00j), (2.616567913477976445e-02+0.000000000000000000e+00j), (-1.243636497839295529e-02+0.000000000000000000e+00j), (2.650200489450777602e-02+0.000000000000000000e+00j), (-1.383326281037025596e-02+0.000000000000000000e+00j), (3.026774383475384564e-02+0.000000000000000000e+00j), (1.516473624571274513e-02+0.000000000000000000e+00j), (1.920047426677063893e-02+0.000000000000000000e+00j), (-9.503245384946590671e-03+0.000000000000000000e+00j), (6.458514243891684894e-03+0.000000000000000000e+00j), (1.060449424462397289e-02+0.000000000000000000e+00j), (-6.319445717806329924e-03+0.000000000000000000e+00j), (-2.535106916273352148e-02+0.000000000000000000e+00j), (-1.969087620782792106e-02+0.000000000000000000e+00j), (6.587009120592320424e-03+0.000000000000000000e+00j)
 (0.000000000000000000e+00+0.000000000000000000e+00j), (-1.217580463793155321e-01+0.000000000000000000e+00j), (-4.711906315692748065e-02+0.000000000000000000e+00j), (-1.605983883221833233e-02+0.000000000000000000e+00j), (-6.507388588999148127e-02+0.000000000000000000e+00j), (2.267088746909128386e-02+0.000000000000000000e+00j), (-4.047309080246487209e-03+0.000000000000000000e+00j), (-6.796807104847871900e-03+0.000000000000000000e+00j), (-4.225876397320357802e-02+0.000000000000000000e+00j), (-2.264033996810071309e-02+0.000000000000000000e+00j), (-2.196873891046196431e-02+0.000000000000000000e+00j), (8.033026393562707132e-03+0.000000000000000000e+00j), (8.206574897103231445e-03+0.000000000000000000e+00j), (2.371770130114767700e-02+0.000000000000000000e+00j), (3.208985581019137973e-02+0.000000000000000000e+00j), (-2.603386943335391987e-02+0.000000000000000000e+00j), (1.919281060274015405e-02+0.000000000000000000e+00j), (2.122071847707216255e-02+0.000000000000000000e+00j), (2.513156687480832402e-02+0.000000000000000000e+00j), (-2.835261866953847631e-02+0.000000000000000000e+00j), (-2.903624825584222649e-02+0.000000000000000000e+00j), (-1.728553749351430940e-02+0.000000000000000000e+00j), (-1.120708189981829521e-02+0.000000000000000000e+00j), (1.659529944285977748e-02+0.000000000000000000e+00j), (6.721510437528919329e-03+0.000000000000000000e+00j), (9.542667596274354014e-03+0.000000000000000000e+00j), (6.667061935816763658e-03+0.000000000000000000e+00j), (1.883290998586277390e-03+0.000000000000000000e+00j), (4.261522083748979658e-04+0.000000000000000000e+00j), (4.547260830902353991e-04+0.000000000000000000e+00j), (1.276378681067077839e-03+0.000000000000000000e+00j), (3.364873584680365751e-03+0.000000000000000000e+00j), (-1.193999328122552668e-02+0.000000000000000000e+00j), (-2.753678218713825898e-02+0.000000000000000000e+00j), (-2.133740724965810590e-02+0.000000000000000000e+00j), (1.875778471274135509e-02+0.000000000000000000e+00j), (-3.283193457132990972e-03+0.000000000000000000e+00j), (1.574975314202401236e-02+0.000000000000000000e+00j), (1.819291376632621235e-02+0.000000000000000000e+00j), (-1.009195381625043429e-02+0.000000000000000000e+00j), (1.476296688996978600e-02+0.000000000000000000e+00j), (-1.462925524989839481e-03+0.000000000000000000e+00j), (2.381362508257042071e-03+0.000000000000000000e+00j), (-1.363219436276957679e-02+0.000000000000000000e+00j), (1.020141647793100168e-02+0.000000000000000000e+00j), (-2.627338918685668667e-03+0.000000000000000000e+00j), (-8.876676701648990656e-03+0.000000000000000000e+00j), (2.249026813980856826e-02+0.000000000000000000e+00j), (-5.791137652674559384e-03+0.000000000000000000e+00j), (2.018032275197767858e-02+0.000000000000000000e+00j), (3.512487191127530717e-02+0.000000000000000000e+00j), (-1.325255763949205641e-02+0.000000000000000000e+00j), (3.345561315119645329e-02+0.000000000000000000e+00j), (-7.244818706349734003e-03+0.000000000000000000e+00j), (-3.994308071256136641e-03+0.000000000000000000e+00j), (-7.301817790288223260e-03+0.000000000000000000e+00j), (1.560180928355957416e-03+0.000000000000000000e+00j), (-1.098808612481841883e-02+0.000000000000000000e+00j), (-9.910797424904745773e-03+0.000000000000000000e+00j), (5.368465267264069599e-03+0.000000000000000000e+00j), (3.633830115889801881e-03+0.000000000000000000e+00j), (5.506511858429586487e-03+0.000000000000000000e+00j), (-1.136607706535390679e-02+0.000000000000000000e+00j), (-4.259526093160608158e-03+0.000000000000000000e+00j)
 (0.000000000000000000e+00+0.000000000000000000e+00j), (1.176302614950191644e-01+0.000000000000000000e+00j), (-1.755594436256424085e-01+0.000000000000000000e+00j), (2.017947496146027531e-01+0.000000000000000000e+00j), (1.089889981823972953e-01+0.000000000000000000e+00j), (-3.405729609004938627e-03+0.000000000000000000e+00j), (-3.127652323369904935e-03+0.000000000000000000e+00j), (-6.542306964732741079e-03+0.000000000000000000e+00j), (-1.618516808091919335e-01+0.000000000000000000e+00j), (2.509606955630854994e-02+0.000000000000000000e+00j), (1.559985835033749976e-02+0.000000000000000000e+00j), (-9.440443588478047293e-03+0.000000000000000000e+00j), (1.717001628182804329e-01+0.000000000000000000e+00j), (7.510479776973006901e-05+0.000000000000000000e+00j), (-3.391287123524060892e-02+0.000000000000000000e+00j), (-5.189403825910905016e-02+0.000000000000000000e+00j), (9.694211907733217559e-02+0.000000000000000000e+00j), (8.127178031529619720e-03+0.000000000000000000e+00j), (-5.950202114995009096e-03+0.000000000000000000e+00j), (-2.703547314069278812e-02+0.000000000000000000e+00j), (-2.423339685204349905e-03+0.000000000000000000e+00j), (-5.197763533686014861e-03+0.000000000000000000e+00j), (-8.625479079069647446e-04+0.000000000000000000e+00j), (7.407894072730232364e-03+0.000000000000000000e+00j), (-2.031170960294660308e-03+0.000000000000000000e+00j), (-5.401729226076714720e-03+0.000000000000000000e+00j), (-6.850682124955903996e-04+0.000000000000000000e+00j), (7.901821820391815090e-03+0.000000000000000000e+00j), (-3.880144361089237805e-03+0.000000000000000000e+00j), (-1.214634124788656518e-02+0.000000000000000000e+00j), (-1.070226413865139935e-03+0.000000000000000000e+00j), (1.825071274593544068e-02+0.000000000000000000e+00j), (-1.475785742653541177e-01+0.000000000000000000e+00j), (-1.559259440312211076e-03+0.000000000000000000e+00j), (6.293766208531511620e-03+0.000000000000000000e+00j), (2.094258211042693621e-02+0.000000000000000000e+00j), (1.790346712093432088e-02+0.000000000000000000e+00j), (1.615134007590372442e-02+0.000000000000000000e+00j), (-3.809066163798847590e-03+0.000000000000000000e+00j), (-3.120252484456302253e-02+0.000000000000000000e+00j), (1.389969620125742177e-02+0.000000000000000000e+00j), (1.157428979647479907e-02+0.000000000000000000e+00j), (4.020310017891658670e-03+0.000000000000000000e+00j), (-1.475739004846959510e-02+0.000000000000000000e+00j), (-1.301845428819786883e-02+0.000000000000000000e+00j), (1.441808302149360024e-02+0.000000000000000000e+00j), (-1.949088414594276524e-03+0.000000000000000000e+00j), (-2.397815772818327404e-02+0.000000000000000000e+00j), (1.516050953861147466e-01+0.000000000000000000e+00j), (-4.547644511245324712e-03+0.000000000000000000e+00j), (-1.969887803560708972e-02+0.000000000000000000e+00j), (-2.687402130296589683e-02+0.000000000000000000e+00j), (2.564166505239903401e-03+0.000000000000000000e+00j), (3.244303106076878215e-03+0.000000000000000000e+00j), (6.613084617077980704e-03+0.000000000000000000e+00j), (2.211632202695845185e-03+0.000000000000000000e+00j), (-2.811138684598107548e-02+0.000000000000000000e+00j), (-6.995879384756181762e-03+0.000000000000000000e+00j), (3.988751884674053214e-03+0.000000000000000000e+00j), (1.773894174466266599e-02+0.000000000000000000e+00j), (-4.777121389612171143e-02+0.000000000000000000e+00j), (8.854739583233416783e-03+0.000000000000000000e+00j), (5.421918666385313647e-03+0.000000000000000000e+00j), (-4.140360683345007363e-03+0.000000000000000000e+00j)
 (0.000000000000000000e+00+0.000000000000000000e+00j), (3.754437272925356672e-02+0.000000000000000000e+00j), (-7.301648048758968557e-02+0.000000000000000000e+00j), (1.080670592777207423e-01+0.000000000000000000e+00j), (3.151594288940359756e-02+0.000000000000000000e+00j), (1.706359592799421357e-02+0.000000000000000000e+00j), (-2.503465140694307450e-02+0.000000000000000000e+00j), (-2.489128959149904119e-02+0.000000000000000000e+00j), (-7.893976234355168375e-02+0.000000000000000000e+00j), (1.825989199220007936e-02+0.000000000000000000e+00j), (-1.686731725311645114e-02+0.000000000000000000e+00j), (6.914127271851673584e-02+0.000000000000000000e+00j), (7.216460760869274071e-02+0.000000000000000000e+00j), (-3.225432851979787019e-02+0.000000000000000000e+00j), (4.162060570610656707e-02+0.000000000000000000e+00j), (-9.380868606447664848e-02+0.000000000000000000e+00j), (1.923418753534254441e-02+0.000000000000000000e+00j), (1.659557767848561299e-03+0.000000000000000000e+00j), (-1.884138380002362348e-02+0.000000000000000000e+00j), (-8.989293117660368190e-03+0.000000000000000000e+00j), (1.661484649666214800e-02+0.000000000000000000e+00j), (-4.166892065853670772e-03+0.000000000000000000e+00j), (3.563735931623738390e-03+0.000000000000000000e+00j), (2.570010511583409492e-03+0.000000000000000000e+00j), (-9.528226040206500339e-03+0.000000000000000000e+00j), (5.931330784711014333e-03+0.000000000000000000e+00j), (1.458696388984564388e-03+0.000000000000000000e+00j), (1.456885428045757254e-03+0.000000000000000000e+00j), (-1.235404380539152809e-02+0.000000000000000000e+00j), (6.924891148751394741e-03+0.000000000000000000e+00j), (2.638019438032927332e-03+0.000000000000000000e+00j), (-1.060028241487324246e-02+0.000000000000000000e+00j), (-6.365929160363820172e-02+0.000000000000000000e+00j), (1.009192581234521005e-02+0.000000000000000000e+00j), (-7.317827918103643296e-03+0.000000000000000000e+00j), (6.677018985090388270e-02+0.000000000000000000e+00j), (4.708166605631582818e-03+0.000000000000000000e+00j), (-4.367923727420557935e-03+0.000000000000000000e+00j), (4.147042390202318463e-03+0.000000000000000000e+00j), (-6.047117610948601896e-03+0.000000000000000000e+00j), (-1.773248323117270278e-02+0.000000000000000000e+00j), (1.334387335328838207e-02+0.000000000000000000e+00j), (-3.321078915388676629e-03+0.000000000000000000e+00j), (-9.833239958537513814e-03+0.000000000000000000e+00j), (5.333488246203895583e-02+0.000000000000000000e+00j), (-1.741984941800281059e-02+0.000000000000000000e+00j), (-8.987281155691602581e-04+0.000000000000000000e+00j), (7.367999055377614029e-03+0.000000000000000000e+00j), (4.894756857211361722e-02+0.000000000000000000e+00j), (-1.257832324233847977e-02+0.000000000000000000e+00j), (2.013854978980338800e-02+0.000000000000000000e+00j), (-8.178931589140940595e-02+0.000000000000000000e+00j), (-2.518229830684980131e-02+0.000000000000000000e+00j), (2.337819583307260835e-02+0.000000000000000000e+00j), (-1.127033354678820369e-02+0.000000000000000000e+00j), (-1.937212438067150572e-02+0.000000000000000000e+00j), (3.361107637408008303e-02+0.000000000000000000e+00j), (-4.954096067516173055e-03+0.000000000000000000e+00j), (-1.070887805069637225e-03+0.000000000000000000e+00j), (3.507266057717344128e-03+0.000000000000000000e+00j), (-8.377687557963950371e-02+0.000000000000000000e+00j), (2.356906696098765193e-03+0.000000000000000000e+00j), (5.234018926229779510e-03+0.000000000000000000e+00j), (2.049569456538207629e-02+0.000000000000000000e+00j)
 (0.000000000000000000e+00+0.000000000000000000e+00j), (2.814934335002518273e-02+0.000000000000000000e+00j), (-4.229272352335628621e-02+0.000000000000000000e+00j), (5.475872938072071788e-02+0.000000000000000000e+00j), (1.243464297917383369e-04+0.000000000000000000e+00j), (1.583914514861540015e-02+0.000000000000000000e+00j), (-2.221235510932758825e-02+0.000000000000000000e+00j), (-8.361333746381193269e-03+0.000000000000000000e+00j), (5.889938729047059646e-03+0.000000000000000000e+00j), (-3.310188849125856453e-02+0.000000000000000000e+00j), (3.499263623847177762e-03+0.000000000000000000e+00j), (8.631510313481915997e-02+0.000000000000000000e+00j), (-1.648904608133914054e-02+0.000000000000000000e+00j), (6.195874178189775087e-03+0.000000000000000000e+00j), (1.617507401045143595e-02+0.000000000000000000e+00j), (-1.396336229377017658e-02+0.000000000000000000e+00j), (-3.928368887324736047e-03+0.000000000000000000e+00j), (-2.148446448774136291e-02+0.000000000000000000e+00j), (1.281381649872114295e-02+0.000000000000000000e+00j), (-4.163791463740913745e-03+0.000000000000000000e+00j), (5.422555657623721881e-03+0.000000000000000000e+00j), (1.359296962907877680e-02+0.000000000000000000e+00j), (-1.264009033713752068e-02+0.000000000000000000e+00j), (5.579013415693371072e-03+0.000000000000000000e+00j), (-5.039514517377224109e-04+0.000000000000000000e+00j), (2.306217633170854885e-03+0.000000000000000000e+00j), (-3.813591486858122033e-04+0.000000000000000000e+00j), (-1.592906808640582456e-02+0.000000000000000000e+00j), (-6.737667236418555874e-03+0.000000000000000000e+00j), (-1.673465066548896624e-02+0.000000000000000000e+00j), (1.382653331231429444e-02+0.000000000000000000e+00j), (3.996889052176159224e-03+0.000000000000000000e+00j), (8.437283855625348633e-03+0.000000000000000000e+00j), (2.503296878333660484e-03+0.000000000000000000e+00j), (4.834060810432434102e-03+0.000000000000000000e+00j), (3.443162006212877047e-02+0.000000000000000000e+00j), (-2.670669448678330768e-02+0.000000000000000000e+00j), (-2.334656849973050508e-02+0.000000000000000000e+00j), (1.171910721934237877e-02+0.000000000000000000e+00j), (2.920451071875418067e-02+0.000000000000000000e+00j), (-7.786260329319321521e-03+0.000000000000000000e+00j), (-8.839176308876975016e-03+0.000000000000000000e+00j), (-7.399718657800272159e-03+0.000000000000000000e+00j), (1.283371165252967204e-02+0.000000000000000000e+00j), (-1.533880874055786048e-02+0.000000000000000000e+00j), (2.573477865975591639e-02+0.000000000000000000e+00j), (-1.295188978405104052e-02+0.000000000000000000e+00j), (4.916321241691673158e-03+0.000000000000000000e+00j), (7.050746829932540540e-04+0.000000000000000000e+00j), (-5.690038643705017801e-02+0.000000000000000000e+00j), (1.850279292543700882e-02+0.000000000000000000e+00j), (6.801236133351251482e-03+0.000000000000000000e+00j), (-3.723890255525609538e-02+0.000000000000000000e+00j), (-1.489420925686302591e-02+0.000000000000000000e+00j), (9.680542043309321720e-03+0.000000000000000000e+00j), (6.534162550118021058e-03+0.000000000000000000e+00j), (-1.573011090404504222e-02+0.000000000000000000e+00j), (2.285201879754003226e-02+0.000000000000000000e+00j), (-4.989511467745822403e-03+0.000000000000000000e+00j), (6.074749362757086470e-03+0.000000000000000000e+00j), (9.460156724591108415e-03+0.000000000000000000e+00j), (-2.306551086560232680e-02+0.000000000000000000e+00j), (1.620410087614547467e-02+0.000000000000000000e+00j), (1.925200840209850828e-02+0.000000000000000000e+00j)
 (0.000000000000000000e+00+0.000000000000000000e+00j), (-1.491610084844155297e-02+0.000000000000000000e+00j), (4.909658375380417800e-02+0.000000000000000000e+00j), (4.914090746554827110e-02+0.000000000000000000e+00j), (-7.920320090696117074e-03+0.000000000000000000e+00j), (1.447919209068769530e-02+0.000000000000000000e+00j), (-3.962923789323912795e-03+0.000000000000000000e+00j), (-1.433764179124950335e-02+0.000000000000000000e+00j), (1.585247412077742807e-02+0.000000000000000000e+00j), (-1.881206880478961466e-02+0.000000000000000000e+00j), (2.209909389265864860e-02+0.000000000000000000e+00j), (-3.611688992292325096e-02+0.000000000000000000e+00j), (2.721715078985887520e-02+0.000000000000000000e+00j), (-5.354415991058782825e-02+0.000000000000000000e+00j), (-2.265856791592682495e-02+0.000000000000000000e+00j), (5.728201105028066231e-02+0.000000000000000000e+00j), (-5.217533294948790978e-03+0.000000000000000000e+00j), (4.726461438175494530e-03+0.000000000000000000e+00j), (-5.394411564163638546e-03+0.000000000000000000e+00j), (2.056083604847328689e-02+0.000000000000000000e+00j), (3.716452529699106055e-03+0.000000000000000000e+00j), (-8.585268212528500073e-03+0.000000000000000000e+00j), (1.539383788170412513e-02+0.000000000000000000e+00j), (-1.310868491152448849e-02+0.000000000000000000e+00j), (-2.588847729748359420e-03+0.000000000000000000e+00j), (2.010669047761896519e-03+0.000000000000000000e+00j), (-5.897174937759352628e-03+0.000000000000000000e+00j), (-5.037746316471896496e-03+0.000000000000000000e+00j), (6.418392414056865378e-03+0.000000000000000000e+00j), (2.186563888520925980e-03+0.000000000000000000e+00j), (-2.732013929387987292e-03+0.000000000000000000e+00j), (4.439815339096924753e-03+0.000000000000000000e+00j), (-1.540002299086583575e-03+0.000000000000000000e+00j), (-5.108397338134907859e-03+0.000000000000000000e+00j), (-6.188856036836517952e-04+0.000000000000000000e+00j), (1.626577481870866010e-02+0.000000000000000000e+00j), (4.627766725560544109e-03+0.000000000000000000e+00j), (-1.650565448978737887e-02+0.000000000000000000e+00j), (4.520658541791258006e-03+0.000000000000000000e+00j), (-1.526446670708054426e-02+0.000000000000000000e+00j), (-1.536240781371226057e-02+0.000000000000000000e+00j), (4.128522152153022958e-04+0.000000000000000000e+00j), (2.631622343302311619e-03+0.000000000000000000e+00j), (1.460972703321737447e-02+0.000000000000000000e+00j), (-5.643209547652774244e-02+0.000000000000000000e+00j), (1.198665327091907179e-02+0.000000000000000000e+00j), (-2.292587310738329175e-03+0.000000000000000000e+00j), (3.314094703161815647e-02+0.000000000000000000e+00j), (2.587166499699281724e-02+0.000000000000000000e+00j), (-4.736529383945930344e-02+0.000000000000000000e+00j), (5.739706075892476132e-03+0.000000000000000000e+00j), (9.804051192354707941e-03+0.000000000000000000e+00j), (-2.387190775569219409e-02+0.000000000000000000e+00j), (2.618291986394769358e-02+0.000000000000000000e+00j), (-7.634289525195650690e-03+0.000000000000000000e+00j), (1.738740430790417305e-02+0.000000000000000000e+00j), (1.677543001585153539e-03+0.000000000000000000e+00j), (5.703621152147134166e-03+0.000000000000000000e+00j), (2.683625721009931693e-03+0.000000000000000000e+00j), (4.297849285321790787e-03+0.000000000000000000e+00j), (1.574212568629555081e-02+0.000000000000000000e+00j), (7.817498812761588048e-03+0.000000000000000000e+00j), (-1.135215657086270473e-02+0.000000000000000000e+00j), (4.433524628566259257e-03+0.000000000000000000e+00j)
 (0.000000000000000000e+00+0.000000000000000000e+00j), (3.791008764082694216e-02+0.000000000000000000e+00j), (-2.167262228722137973e-01+0.000000000000000000e+00j), (7.705814647173406251e-02+0.000000000000000000e+00j), (-3.794224427405596539e-02+0.000000000000000000e+00j), (3.765974596187433854e-02+0.000000000000000000e+00j), (3.877172875890177312e-02+0.000000000000000000e+00j), (8.633822143820427120e-02+0.000000000000000000e+00j), (-1.227878760661924203e-02+0.000000000000000000e+00j), (-1.038752710798840351e-01+0.000000000000000000e+00j), (-8.721803884642780058e-02+0.000000000000000000e+00j), (-9.768345519913491926e-02+0.000000000000000000e+00j), (8.065398185414460186e-02+0.000000000000000000e+00j), (-3.500055615244361540e-02+0.000000000000000000e+00j), (3.899939702570404121e-02+0.000000000000000000e+00j), (-7.560650263330261078e-02+0.000000000000000000e+00j), (-2.583171418669481106e-02+0.000000000000000000e+00j), (-1.677708337799815527e-02+0.000000000000000000e+00j), (1.391409477887624487e-02+0.000000000000000000e+00j), (3.002422957135488998e-02+0.000000000000000000e+00j), (9.193649208556108066e-03+0.000000000000000000e+00j), (1.674501055630122151e-02+0.000000000000000000e+00j), (7.795153831887210137e-03+0.000000000000000000e+00j), (3.469835054776224462e-03+0.000000000000000000e+00j), (8.252742096710109082e-03+0.000000000000000000e+00j), (1.808608039356788058e-02+0.000000000000000000e+00j), (8.347138833177695713e-03+0.000000000000000000e+00j), (5.508240341325130671e-03+0.000000000000000000e+00j), (1.586446417298704309e-02+0.000000000000000000e+00j), (4.207107269250598414e-02+0.000000000000000000e+00j), (1.919205961224440884e-02+0.000000000000000000e+00j), (1.625332922185476064e-02+0.000000000000000000e+00j), (4.547320684972652738e-02+0.000000000000000000e+00j), (-2.240703181508640202e-02+0.000000000000000000e+00j), (-4.098628042379912073e-02+0.000000000000000000e+00j), (-8.893055206854691419e-02+0.000000000000000000e+00j), (-1.592634267936497098e-03+0.000000000000000000e+00j), (-6.542745918227568791e-02+0.000000000000000000e+00j), (-2.380824067014715092e-02+0.000000000000000000e+00j), (-4.589392271547783342e-02+0.000000000000000000e+00j), (-3.528338718731762608e-02+0.000000000000000000e+00j), (-2.939212068315620249e-02+0.000000000000000000e+00j), (-1.376085044953606618e-02+0.000000000000000000e+00j), (1.454108320617289972e-02+0.000000000000000000e+00j), (6.231410164569520065e-03+0.000000000000000000e+00j), (-6.342326428637772018e-02+0.000000000000000000e+00j), (-2.974014479226075314e-02+0.000000000000000000e+00j), (-5.765497594488377953e-02+0.000000000000000000e+00j), (2.347408642753345820e-02+0.000000000000000000e+00j), (1.261877653989463069e-02+0.000000000000000000e+00j), (4.686626193663288864e-02+0.000000000000000000e+00j), (1.406342043636745788e-02+0.000000000000000000e+00j), (-3.651061650011794280e-02+0.000000000000000000e+00j), (5.319004027830169165e-03+0.000000000000000000e+00j), (-1.867266797395264206e-03+0.000000000000000000e+00j), (4.060059231943872332e-02+0.000000000000000000e+00j), (-5.086329084595977686e-04+0.000000000000000000e+00j), (2.817678242998307783e-02+0.000000000000000000e+00j), (4.934915896549070882e-03+0.000000000000000000e+00j), (1.725039475275645315e-02+0.000000000000000000e+00j), (-8.711646119315089032e-03+0.000000000000000000e+00j), (-3.405637885720048247e-02+0.000000000000000000e+00j), (-2.787246778991801441e-02+0.000000000000000000e+00j), (-2.644606760574535684e-02+0.000000000000000000e+00j)
 (0.000000000000000000e+00+0.000000000000000000e+00j), (-2.063899742191615053e-02+0.000000000000000000e+00j), (2.435454342980506240e-02+0.000000000000000000e+00j), (-1.086825588843011170e-01+0.000000000000000000e+00j), (1.280337049295563086e-02+0.000000000000000000e+00j), (-1.825180829957785038e-03+0.000000000000000000e+00j), (-3.370190671147162836e-02+0.000000000000000000e+00j), (-2.770890621931281980e-02+0.000000000000000000e+00j), (3.360750902490394765e-02+0.000000000000000000e+00j), (-4.478254682531613434e-02+0.000000000000000000e+00j), (-3.509889375060607636e-02+0.000000000000000000e+00j), (-2.058068864180647231e-02+0.000000000000000000e+00j), (-2.681097009970924080e-02+0.000000000000000000e+00j), (-5.930741791703749571e-02+0.000000000000000000e+00j), (2.502128826169541104e-02+0.000000000000000000e+00j), (-1.000282971723467917e-02+0.000000000000000000e+00j), (4.632075990579964664e-03+0.000000000000000000e+00j), (8.605348435148355360e-03+0.000000000000000000e+00j), (-2.837215725406087852e-02+0.000000000000000000e+00j), (2.071456816042009739e-03+0.000000000000000000e+00j), (-1.164897586839615598e-02+0.000000000000000000e+00j), (8.115194645828388217e-03+0.000000000000000000e+00j), (2.656470876163221587e-03+0.000000000000000000e+00j), (1.559670523321155834e-02+0.000000000000000000e+00j), (-1.371512348550372844e-02+0.000000000000000000e+00j), (8.779004313935382872e-03+0.000000000000000000e+00j), (-1.396665765439034958e-02+0.000000000000000000e+00j), (-6.167604885274098961e-03+0.000000000000000000e+00j), (-2.019540631339288798e-03+0.000000000000000000e+00j), (-4.317171914271494414e-04+0.000000000000000000e+00j), (5.403819343553269844e-03+0.000000000000000000e+00j), (-1.375523702008668060e-02+0.000000000000000000e+00j), (6.243407513072452876e-03+0.000000000000000000e+00j), (4.400209081821584642e-03+0.000000000000000000e+00j), (-1.322404385498807990e-02+0.000000000000000000e+00j), (1.689908408075620552e-02+0.000000000000000000e+00j), (-6.661027889884571333e-03+0.000000000000000000e+00j), (-3.624986501439798198e-02+0.000000000000000000e+00j), (-1.640114734030761329e-02+0.000000000000000000e+00j), (-5.910165206791291766e-03+0.000000000000000000e+00j), (2.576074681935170037e-03+0.000000000000000000e+00j), (-2.248606454444313993e-02+0.000000000000000000e+00j), (-2.011473575565700736e-02+0.000000000000000000e+00j), (-2.806724098914329529e-02+0.000000000000000000e+00j), (-6.676991578116415159e-03+0.000000000000000000e+00j), (-2.772132884108812617e-02+0.000000000000000000e+00j), (-2.068872360393168852e-02+0.000000000000000000e+00j), (5.534602471746795718e-03+0.000000000000000000e+00j), (2.613931851104621742e-02+0.000000000000000000e+00j), (-3.094781358429762874e-02+0.000000000000000000e+00j), (2.595108589113568481e-02+0.000000000000000000e+00j), (-6.918923193385786985e-02+0.000000000000000000e+00j), (9.253760221788448481e-03+0.000000000000000000e+00j), (-3.414525632495651886e-02+0.000000000000000000e+00j), (-2.042532915643417019e-02+0.000000000000000000e+00j), (-4.277518896483596678e-02+0.000000000000000000e+00j), (-1.277272225534821851e-02+0.000000000000000000e+00j), (1.406166285452092532e-02+0.000000000000000000e+00j), (2.755682012775399065e-02+0.000000000000000000e+00j), (4.594911323881553655e-02+0.000000000000000000e+00j), (1.706262837548428585e-02+0.000000000000000000e+00j), (-2.532809572697206080e-02+0.000000000000000000e+00j), (-1.025541835847273466e-02+0.000000000000000000e+00j), (-2.617183965619285235e-02+0.000000000000000000e+00j)
 (0.000000000000000000e+00+0.000000000000000000e+00j), (-9.777578963423958977e-03+0.000000000000000000e+00j), (-6.041662393424728633e-02+0.000000000000000000e+00j), (-1.384873782493547534e-01+0.000000000000000000e+00j), (1.712259868745436356e-02+0.000000000000000000e+00j), (-4.400781995872423899e-03+0.000000000000000000e+00j), (6.834808223423491369e-02+0.000000000000000000e+00j), (-2.028994376129978489e-02+0.000000000000000000e+00j), (-2.025246826063546376e-02+0.000000000000000000e+00j), (-3.710132113249112185e-02+0.000000000000000000e+00j), (2.659800844484926791e-02+0.000000000000000000e+00j), (5.155847508272825425e-02+0.000000000000000000e+00j), (2.527472148691638221e-02+0.000000000000000000e+00j), (-5.193214832380742968e-02+0.000000000000000000e+00j), (-4.387192273747254206e-02+0.000000000000000000e+00j), (-5.540127200587498246e-02+0.000000000000000000e+00j), (2.236551258926652939e-03+0.000000000000000000e+00j), (-7.954902122758087356e-04+0.000000000000000000e+00j), (3.365632828643670086e-03+0.000000000000000000e+00j), (-4.131691764527013581e-03+0.000000000000000000e+00j), (-7.143286223650420659e-04+0.000000000000000000e+00j), (1.217427971825913021e-03+0.000000000000000000e+00j), (2.142026502592826037e-02+0.000000000000000000e+00j), (1.909316517083576442e-02+0.000000000000000000e+00j), (7.769193015214726807e-03+0.000000000000000000e+00j), (9.251550353842208016e-03+0.000000000000000000e+00j), (2.788487350797891687e-02+0.000000000000000000e+00j), (8.607364690181957753e-03+0.000000000000000000e+00j), (-6.154640132244389335e-03+0.000000000000000000e+00j), (1.328853955242668018e-03+0.000000000000000000e+00j), (1.739887713991101559e-03+0.000000000000000000e+00j), (4.817348039583700843e-03+0.000000000000000000e+00j), (-1.608790923723968716e-02+0.000000000000000000e+00j), (-7.985081369368242366e-03+0.000000000000000000e+00j), (3.122760372039843496e-02+0.000000000000000000e+00j), (3.429240818715090927e-02+0.000000000000000000e+00j), (3.388938108441214101e-03+0.000000000000000000e+00j), (-2.724068845609850520e-02+0.000000000000000000e+00j), (-1.167586692805638697e-02+0.000000000000000000e+00j), (-2.856518095899416177e-03+0.000000000000000000e+00j), (2.014950347201637307e-02+0.000000000000000000e+00j), (-1.598459063350453693e-02+0.000000000000000000e+00j), (2.463629859738083192e-04+0.000000000000000000e+00j), (9.114020788581875601e-03+0.000000000000000000e+00j), (3.694751895390297955e-03+0.000000000000000000e+00j), (5.578651866548725580e-03+0.000000000000000000e+00j), (1.155193581164149288e-02+0.000000000000000000e+00j), (-4.209137032566003878e-04+0.000000000000000000e+00j), (-2.911266385908548634e-03+0.000000000000000000e+00j), (2.569631310729942816e-03+0.000000000000000000e+00j), (-6.407751324903698288e-03+0.000000000000000000e+00j), (1.213755909974808915e-02+0.000000000000000000e+00j), (1.709185417044333660e-02+0.000000000000000000e+00j), (-1.781827923898264554e-02+0.000000000000000000e+00j), (-4.473499401540600995e-02+0.000000000000000000e+00j), (-2.722317381900082878e-02+0.000000000000000000e+00j), (8.519870697961097472e-03+0.000000000000000000e+00j), (-8.531197159891357878e-03+0.000000000000000000e+00j), (-2.207633131898267473e-02+0.000000000000000000e+00j), (-1.808251120056591707e-02+0.000000000000000000e+00j), (-4.372641263659661839e-03+0.000000000000000000e+00j), (-2.672533020178018831e-02+0.000000000000000000e+00j), (-1.160477500686600549e-02+0.000000000000000000e+00j), (-6.272370976158954002e-04+0.000000000000000000e+00j)
 (0.000000000000000000e+00+0.000000000000000000e+00j), (-2.474342307646246880e-02+0.000000000000000000e+00j), (2.984573811051785541e-02+0.000000000000000000e+00j), (-1.504569104523700677e-02+0.000000000000000000e+00j), (1.015179033452634494e-02+0.000000000000000000e+00j), (-2.742705541940884759e-03+0.000000000000000000e+00j), (1.595452719949628367e-02+0.000000000000000000e+00j), (-1.210059840543838659e-02+0.000000000000000000e+00j), (1.680386295306144251e-04+0.000000000000000000e+00j), (2.434027815154047800e-02+0.000000000000000000e+00j), (7.181584059854427549e-02+0.000000000000000000e+00j), (6.183903364688905085e-02+0.000000000000000000e+00j), (2.603234194436082963e-02+0.000000000000000000e+00j), (4.071034947643263624e-02+0.000000000000000000e+00j), (1.778658721555028202e-02+0.000000000000000000e+00j), (1.357869781720149292e-02+0.000000000000000000e+00j), (3.453588309718124468e-03+0.000000000000000000e+00j), (-2.124810694444823414e-02+0.000000000000000000e+00j), (-6.380815887578608452e-03+0.000000000000000000e+00j), (-3.085390703796077327e-02+0.000000000000000000e+00j), (-3.654735729945978329e-03+0.000000000000000000e+00j), (7.637434734108633494e-03+0.000000000000000000e+00j), (-4.288034071876768130e-04+0.000000000000000000e+00j), (8.947620038598669279e-03+0.000000000000000000e+00j), (2.060210237783232593e-03+0.000000000000000000e+00j), (-3.693921041188492210e-02+0.000000000000000000e+00j), (-3.492068283270888945e-02+0.000000000000000000e+00j), (-1.951381639782111960e-02+0.000000000000000000e+00j), (-1.036594315143149654e-02+0.000000000000000000e+00j), (2.087892164421988744e-02+0.000000000000000000e+00j), (7.626128769440333093e-04+0.000000000000000000e+00j), (3.710321533589288137e-03+0.000000000000000000e+00j), (-8.312174785536212765e-03+0.000000000000000000e+00j), (2.431175621635800824e-02+0.000000000000000000e+00j), (2.202545159322145257e-02+0.000000000000000000e+00j), (2.817000262955113646e-02+0.000000000000000000e+00j), (7.931737486159311928e-03+0.000000000000000000e+00j), (4.357413874528217289e-03+0.000000000000000000e+00j), (2.465585038421531927e-02+0.000000000000000000e+00j), (1.428903094212091024e-02+0.000000000000000000e+00j), (1.198534441747330787e-02+0.000000000000000000e+00j), (-3.503129782620410110e-02+0.000000000000000000e+00j), (1.750186836180887481e-03+0.000000000000000000e+00j), (-8.722550894127779550e-03+0.000000000000000000e+00j), (2.128087117461397240e-03+0.000000000000000000e+00j), (-2.445562732492746402e-02+0.000000000000000000e+00j), (-8.649750121543895928e-03+0.000000000000000000e+00j), (1.127933557413141573e-02+0.000000000000000000e+00j), (1.943176840154139419e-03+0.000000000000000000e+00j), (-1.699337834494651575e-02+0.000000000000000000e+00j), (-3.511955565776602589e-02+0.000000000000000000e+00j), (7.406090026005259517e-04+0.000000000000000000e+00j), (3.022684343729310514e-03+0.000000000000000000e+00j), (2.385151725839795844e-02+0.000000000000000000e+00j), (1.876882870917591373e-02+0.000000000000000000e+00j), (-1.384726549151727749e-03+0.000000000000000000e+00j), (-3.975272637827898317e-03+0.000000000000000000e+00j), (4.203637021894430364e-02+0.000000000000000000e+00j), (8.807217412237500209e-03+0.000000000000000000e+00j), (1.109964505336471412e-03+0.000000000000000000e+00j), (1.923078046067877318e-03+0.000000000000000000e+00j), (2.463584425280745949e-02+0.000000000000000000e+00j), (4.508288872948348208e-02+0.000000000000000000e+00j), (2.970241773506528821e-02+0.000000000000000000e+00j)
 (0.000000000000000000e+00+0.000000000000000000e+00j), (-1.122601490901323495e-01+0.000000000000000000e+00j), (4.491437108817078472e-02+0.000000000000000000e+00j), (2.154938563155545383e-01+0.000000000000000000e+00j), (-4.430158366794571811e-02+0.000000000000000000e+00j), (8.579515619329352791e-03+0.000000000000000000e+00j), (5.433482826030443594e-03+0.000000000000000000e+00j), (5.014201892808017869e-03+0.000000000000000000e+00j), (1.172051705874027072e-01+0.000000000000000000e+00j), (4.546047372596298541e-02+0.000000000000000000e+00j), (-5.874046770519868871e-02+0.000000000000000000e+00j), (6.112712890456370451e-02+0.000000000000000000e+00j), (4.837117403037345664e-02+0.000000000000000000e+00j), (-8.766016700615421320e-02+0.000000000000000000e+00j), (-2.284280191269949870e-02+0.000000000000000000e+00j), (4.110056163770494514e-03+0.000000000000000000e+00j), (1.943780009943859438e-02+0.000000000000000000e+00j), (6.114182960441797397e-03+0.000000000000000000e+00j), (-2.849531995452265001e-02+0.000000000000000000e+00j), (3.614087016189595353e-02+0.000000000000000000e+00j), (-1.890710948347239934e-02+0.000000000000000000e+00j), (-8.366659489016131657e-03+0.000000000000000000e+00j), (1.429148926082416879e-02+0.000000000000000000e+00j), (-1.679000383747053862e-02+0.000000000000000000e+00j), (-2.051550921129078470e-02+0.000000000000000000e+00j), (-7.818196642796246265e-03+0.000000000000000000e+00j), (1.495789049544159373e-02+0.000000000000000000e+00j), (-1.722221092759709110e-02+0.000000000000000000e+00j), (-4.791458738190101235e-02+0.000000000000000000e+00j), (-1.571327916286707413e-02+0.000000000000000000e+00j), (3.387832467905253775e-02+0.000000000000000000e+00j), (-3.828554725673489340e-02+0.000000000000000000e+00j), (2.644179074564631179e-02+0.000000000000000000e+00j), (-9.657110649315389650e-03+0.000000000000000000e+00j), (1.124626709773457987e-02+0.000000000000000000e+00j), (-2.409814494541137261e-02+0.000000000000000000e+00j), (7.613182015713110262e-02+0.000000000000000000e+00j), (4.445414095682053389e-03+0.000000000000000000e+00j), (-4.822766588727682435e-02+0.000000000000000000e+00j), (4.929397062796807283e-02+0.000000000000000000e+00j), (3.215972706826816102e-02+0.000000000000000000e+00j), (2.811818347250072056e-02+0.000000000000000000e+00j), (-3.085831619307530943e-02+0.000000000000000000e+00j), (4.022947364236248435e-02+0.000000000000000000e+00j), (7.379117877097705891e-02+0.000000000000000000e+00j), (3.132300934998605204e-03+0.000000000000000000e+00j), (-4.159110800706151273e-02+0.000000000000000000e+00j), (4.034998839710231960e-02+0.000000000000000000e+00j), (-1.075653941708624821e-02+0.000000000000000000e+00j), (-4.407119722743745721e-02+0.000000000000000000e+00j), (-1.452985270374188486e-03+0.000000000000000000e+00j), (-3.209119474943478503e-03+0.000000000000000000e+00j), (-8.387941294520629559e-03+0.000000000000000000e+00j), (2.767944704670173561e-02+0.000000000000000000e+00j), (-5.590404214386815798e-03+0.000000000000000000e+00j), (1.490820706317851768e-02+0.000000000000000000e+00j), (-3.318883167065768414e-02+0.000000000000000000e+00j), (2.319798374544876536e-03+0.000000000000000000e+00j), (2.264407448849190679e-02+0.000000000000000000e+00j), (-2.299078695820760271e-02+0.000000000000000000e+00j), (3.822242179441081439e-02+0.000000000000000000e+00j), (1.771797943081182894e-02+0.000000000000000000e+00j), (-2.098343320971673975e-02+0.000000000000000000e+00j), (2.301384995621326077e-02+0.000000000000000000e+00j)
 (0.000000000000000000e+00+0.000000000000000000e+00j), (3.385977588474931022e-02+0.000000000000000000e+00j), (5.434816172745565721e-02+0.000000000000000000e+00j), (2.209907468103900277e-02+0.000000000000000000e+00j), (-4.451763751554693553e-03+0.000000000000000000e+00j), (-2.710294651238672956e-02+0.000000000000000000e+00j), (-5.521195734270462584e-03+0.000000000000000000e+00j), (1.683109532201894701e-02+0.000000000000000000e+00j), (8.314692157394569863e-03+0.000000000000000000e+00j), (-2.204142082441926630e-03+0.000000000000000000e+00j), (1.079528309759335281e-02+0.000000000000000000e+00j), (-4.293971613302525678e-03+0.000000000000000000e+00j), (1.246430889277974630e-01+0.000000000000000000e+00j), (2.837486486915814093e-02+0.000000000000000000e+00j), (-5.926217322520749980e-02+0.000000000000000000e+00j), (2.678702945446067088e-02+0.000000000000000000e+00j), (-1.961768159177420742e-02+0.000000000000000000e+00j), (-2.146807578015705667e-02+0.000000000000000000e+00j), (2.663104272730447506e-03+0.000000000000000000e+00j), (-3.512709919044568890e-03+0.000000000000000000e+00j), (-9.091729851082141611e-04+0.000000000000000000e+00j), (5.794694009469931323e-03+0.000000000000000000e+00j), (-6.383709798823257973e-03+0.000000000000000000e+00j), (1.492620023756227252e-02+0.000000000000000000e+00j), (1.192691888940948172e-02+0.000000000000000000e+00j), (5.769456324948022546e-03+0.000000000000000000e+00j), (-5.445916816250247379e-04+0.000000000000000000e+00j), (1.960275643265823806e-02+0.000000000000000000e+00j), (2.117761987160456105e-02+0.000000000000000000e+00j), (1.919036059739068125e-03+0.000000000000000000e+00j), (-5.413646505633445309e-04+0.000000000000000000e+00j), (7.590078116930225154e-03+0.000000000000000000e+00j), (6.142861887797346383e-03+0.000000000000000000e+00j), (1.562912988219710775e-03+0.000000000000000000e+00j), (3.047758313816117254e-02+0.000000000000000000e+00j), (5.700469191701735758e-03+0.000000000000000000e+00j), (3.509388864607909664e-02+0.000000000000000000e+00j), (1.604916712234256276e-02+0.000000000000000000e+00j), (-2.693019145322976537e-02+0.000000000000000000e+00j), (1.448896896007218112e-02+0.000000000000000000e+00j), (-1.174064772486540500e-03+0.000000000000000000e+00j), (4.139237222593249860e-03+0.000000000000000000e+00j), (-8.030133488993057914e-03+0.000000000000000000e+00j), (-2.104422221834936595e-03+0.000000000000000000e+00j), (2.069375618215237023e-02+0.000000000000000000e+00j), (6.060674420813681913e-03+0.000000000000000000e+00j), (-3.163351648638686869e-02+0.000000000000000000e+00j), (2.965217634541331485e-02+0.000000000000000000e+00j), (6.549902710857107013e-02+0.000000000000000000e+00j), (-2.120741214045987130e-02+0.000000000000000000e+00j), (-2.832939179995462228e-02+0.000000000000000000e+00j), (-4.218875549033646532e-04+0.000000000000000000e+00j), (1.403057247479515789e-02+0.000000000000000000e+00j), (2.731818462401790042e-03+0.000000000000000000e+00j), (-8.458716892694381762e-03+0.000000000000000000e+00j), (-4.245484234115889759e-03+0.000000000000000000e+00j), (-2.237594871288998977e-02+0.000000000000000000e+00j), (1.111190587489170340e-03+0.000000000000000000e+00j), (-1.767956903526248826e-03+0.000000000000000000e+00j), (7.952067844273263877e-04+0.000000000000000000e+00j), (4.481302844520945738e-03+0.000000000000000000e+00j), (1.521821820434459023e-02+0.000000000000000000e+00j), (8.051344677894761367e-03+0.000000000000000000e+00j), (-2.569701879300628072e-02+0.000000000000000000e+00j)
 (0.000000000000000000e+00+0.000000000000000000e+00j), (3.153098871348672394e-02+0.000000000000000000e+00j), (4.483579395481755714e-02+0.000000000000000000e+00j), (7.580360044169121014e-03+0.000000000000000000e+00j), (-2.233381539743127531e-02+0.000000000000000000e+00j), (-6.709478851998013429e-03+0.000000000000000000e+00j), (-7.636615163915596183e-04+0.000000000000000000e+00j), (-8.786456589106315593e-03+0.000000000000000000e+00j), (1.131017157942916344e-02+0.000000000000000000e+00j), (1.352396336252920973e-02+0.000000000000000000e+00j), (-4.825261117082103868e-02+0.000000000000000000e+00j), (4.385916708127748226e-02+0.000000000000000000e+00j), (2.672757496844073693e-03+0.000000000000000000e+00j), (-1.480858135628390811e-02+0.000000000000000000e+00j), (-4.307650786810622405e-03+0.000000000000000000e+00j), (2.978453937632530996e-02+0.000000000000000000e+00j), (-1.481497335554184808e-02+0.000000000000000000e+00j), (1.874052908263138667e-02+0.000000000000000000e+00j), (-1.302758215470648830e-02+0.000000000000000000e+00j), (-1.227175025173220073e-02+0.000000000000000000e+00j), (5.259429836467406985e-03+0.000000000000000000e+00j), (-1.166665253903884959e-02+0.000000000000000000e+00j), (1.209915546671983498e-02+0.000000000000000000e+00j), (5.088653063868888750e-03+0.000000000000000000e+00j), (2.147016214166575009e-04+0.000000000000000000e+00j), (-9.741245880200611121e-03+0.000000000000000000e+00j), (1.468614851930078596e-02+0.000000000000000000e+00j), (-2.344505478267863013e-02+0.000000000000000000e+00j), (2.492180851949422991e-03+0.000000000000000000e+00j), (6.774175879033167771e-03+0.000000000000000000e+00j), (-1.571235725000867667e-02+0.000000000000000000e+00j), (1.857162562063997824e-02+0.000000000000000000e+00j), (3.207619650524033694e-02+0.000000000000000000e+00j), (1.247499254740554002e-02+0.000000000000000000e+00j), (-5.545171839550071605e-03+0.000000000000000000e+00j), (3.268902455752886738e-02+0.000000000000000000e+00j), (-7.399836108420258796e-03+0.000000000000000000e+00j), (1.412665545398857254e-02+0.000000000000000000e+00j), (-1.396829648446938285e-02+0.000000000000000000e+00j), (-4.791158914026168370e-05+0.000000000000000000e+00j), (-3.794823459784619352e-02+0.000000000000000000e+00j), (-7.319641874921049667e-03+0.000000000000000000e+00j), (-4.383224797674206111e-04+0.000000000000000000e+00j), (-2.642440358567270386e-02+0.000000000000000000e+00j), (1.620743734143932982e-02+0.000000000000000000e+00j), (2.999165131061686668e-02+0.000000000000000000e+00j), (3.353359909487422380e-02+0.000000000000000000e+00j), (-3.466368171494878248e-02+0.000000000000000000e+00j), (-8.688523248944195199e-03+0.000000000000000000e+00j), (2.484696968275522909e-03+0.000000000000000000e+00j), (-3.365821179559603388e-02+0.000000000000000000e+00j), (1.700092659679812131e-03+0.000000000000000000e+00j), (-4.109324841709259546e-02+0.000000000000000000e+00j), (1.017426166862356665e-02+0.000000000000000000e+00j), (-2.055033561417609830e-02+0.000000000000000000e+00j), (-4.382027456551263085e-03+0.000000000000000000e+00j), (-1.388393608040750828e-02+0.000000000000000000e+00j), (-7.417324482431545275e-05+0.000000000000000000e+00j), (1.441602987263388043e-02+0.000000000000000000e+00j), (4.248282577463465860e-03+0.000000000000000000e+00j), (1.059364246739650768e-03+0.000000000000000000e+00j), (-6.199070767158317875e-03+0.000000000000000000e+00j), (-4.069370013533563785e-02+0.000000000000000000e+00j), (3.054472622927018738e-02+0.000000000000000000e+00j)
 (0.000000000000000000e+00+0.000000000000000000e+00j), (7.292253280334297372e-02+0.000000000000000000e+00j), (-6.072316183939391321e-02+0.000000000000000000e+00j), (8.601633253766022280e-02+0.000000000000000000e+00j), (-1.716218371926536701e-02+0.000000000000000000e+00j), (-3.136019163067380408e-05+0.000000000000000000e+00j), (2.112608826568218232e-02+0.000000000000000000e+00j), (-3.106913031012775370e-02+0.000000000000000000e+00j), (-2.641497976973512449e-02+0.000000000000000000e+00j), (-1.930454350186977183e-02+0.000000000000000000e+00j), (-9.268508733429584381e-03+0.000000000000000000e+00j), (-2.092415655686191006e-02+0.000000000000000000e+00j), (-4.016237559082029562e-02+0.000000000000000000e+00j), (-1.954926469519620985e-02+0.000000000000000000e+00j), (9.817306939107419902e-03+0.000000000000000000e+00j), (-3.872532509242068363e-03+0.000000000000000000e+00j), (3.376778295667635325e-03+0.000000000000000000e+00j), (1.909013453145235600e-02+0.000000000000000000e+00j), (7.601293539046124863e-03+0.000000000000000000e+00j), (2.387370732081245655e-03+0.000000000000000000e+00j), (-2.263304641720552401e-03+0.000000000000000000e+00j), (-6.828505618566451220e-04+0.000000000000000000e+00j), (-8.256502457090923036e-03+0.000000000000000000e+00j), (-2.202643040538960432e-03+0.000000000000000000e+00j), (1.774525795506375764e-02+0.000000000000000000e+00j), (9.941193357860493920e-03+0.000000000000000000e+00j), (-1.950403771513190693e-02+0.000000000000000000e+00j), (1.830089469636074408e-03+0.000000000000000000e+00j), (7.654298306581133228e-03+0.000000000000000000e+00j), (7.881208014829702794e-04+0.000000000000000000e+00j), (9.903931813447288193e-03+0.000000000000000000e+00j), (6.112249216326734458e-03+0.000000000000000000e+00j), (2.928296558747646612e-03+0.000000000000000000e+00j), (-1.071892538090209873e-02+0.000000000000000000e+00j), (-6.411361510578630560e-03+0.000000000000000000e+00j), (1.994197034539503186e-02+0.000000000000000000e+00j), (-2.029495849005985564e-02+0.000000000000000000e+00j), (-4.051326602279088532e-04+0.000000000000000000e+00j), (-1.806423085293663985e-03+0.000000000000000000e+00j), (-2.449731366206869126e-02+0.000000000000000000e+00j), (2.279733677169925102e-02+0.000000000000000000e+00j), (2.981978152531491490e-03+0.000000000000000000e+00j), (1.966943622432398234e-03+0.000000000000000000e+00j), (-3.453808697167414996e-03+0.000000000000000000e+00j), (-2.746548268880961985e-02+0.000000000000000000e+00j), (1.355056571516192847e-02+0.000000000000000000e+00j), (-7.544572151098239213e-03+0.000000000000000000e+00j), (-5.979998163227467391e-03+0.000000000000000000e+00j), (-5.145743740185493992e-03+0.000000000000000000e+00j), (1.409640778908454947e-02+0.000000000000000000e+00j), (-2.334934520209339462e-02+0.000000000000000000e+00j), (-4.068591127878325858e-03+0.000000000000000000e+00j), (-1.241341652240160291e-03+0.000000000000000000e+00j), (-4.483284464457825205e-03+0.000000000000000000e+00j), (4.102672859344530520e-02+0.000000000000000000e+00j), (-4.816218505944732005e-03+0.000000000000000000e+00j), (-2.597600884102932439e-02+0.000000000000000000e+00j), (-1.231052797350953854e-02+0.000000000000000000e+00j), (2.064014176892422017e-02+0.000000000000000000e+00j), (3.179636003601125482e-03+0.000000000000000000e+00j), (-2.115017611137195649e-02+0.000000000000000000e+00j), (-2.077671892188582073e-02+0.000000000000000000e+00j), (1.706571790353698242e-02+0.000000000000000000e+00j), (-4.628852018501929295e-03+0.000000000000000000e+00j)
