 (1.000000000000000000e+00+0.000000000000000000e+00j), (0.000000000000000000e+00+0.000000000000000000e+00j), (0.000000000000000000e+00+0.000000000000000000e+00j), (0.000000000000000000e+00+0.000000000000000000e+00j)
 (0.000000000000000000e+00+0.000000000000000000e+00j), (1.666509629806159076e-01+2.160895803748181729e-02j), (3.930430089012073441e-02-3.422079488772952066e-02j), (3.341968788946598351e-02-2.646362578047041850e-02j)
 (0.000000000000000000e+00+0.000000000000000000e+00j), (2.904622939521677577e-02-6.804506365379468791e-02j), (3.243755777898026105e-02-3.091261099194476947e-02j), (6.843874844235023477e-05-3.604124882937294327e-02j)
 (0.000000000000000000e+00+0.000000000000000000e+00j), (1.293298395739313732e-02-5.187589559683426776e-02j), (2.195370317273933475e-02-1.694160548643007178e-02j), (4.545739083810810752e-04-2.216121887131817375e-02j)
 (0.000000000000000000e+00+0.000000000000000000e+00j), (2.486739372411637117e-01+9.552070788366003734e-03j), (-2.299185863211252942e-02+7.722674525919548914e-04j), (2.988667467898947425e-02-1.301012004328020583e-02j)
 (0.000000000000000000e+00+0.000000000000000000e+00j), (6.396919841507932303e-02+5.491560797513669184e-02j), (-5.228158226964879293e-03+6.238319029587007306e-03j), (2.469790288670217857e-03+1.171692065818594891e-02j)
 (0.000000000000000000e+00+0.000000000000000000e+00j), (6.124538169171642524e-03-4.088611607951673360e-02j), (-2.161284522940096903e-03+1.419884174679515590e-03j), (-2.258929949874329598e-03+6.377023444779436265e-03j)
 (0.000000000000000000e+00+0.000000000000000000e+00j), (1.785821190690948038e-02-6.749881592433064521e-03j), (8.887987747580991874e-03-4.249801976004562859e-03j), (-6.404102046636871506e-04+1.889913329043449615e-03j)
 (0.000000000000000000e+00+0.000000000000000000e+00j), (3.733764427886189508e-02-8.788391619263824506e-02j), (1.208412338201446390e-01-1.539797951404964053e-02j), (2.920157034141975666e-02-3.594349583210341287e-02j)
 (0.000000000000000000e+00+0.000000000000000000e+00j), (1.794423366578470902e-02-3.688518162075699741e-02j), (-1.884579382341547774e-02+5.342084599743505968e-02j), (2.294526827203327915e-02+6.674913807239386647e-03j)
 (0.000000000000000000e+00+0.000000000000000000e+00j), (-7.474132750017049853e-02-2.794814008510518311e-02j), (3.651757411518506691e-02-2.534597266994758138e-02j), (-1.523030128393807262e-02-1.410772134090403605e-02j)
 (0.000000000000000000e+00+0.000000000000000000e+00j), (-6.257480004605578405e-02-2.720092329163818767e-02j), (1.867406752171159312e-02-1.876080146761684164e-02j), (-9.424916510495517583e-03-8.178961832608888302e-03j)
 (0.000000000000000000e+00+0.000000000000000000e+00j), (1.318892092023363737e-02-6.062546122025815054e-02j), (8.132768626117468924e-02-3.276518043280236998e-03j), (3.598801383426648154e-02-2.118643637046434963e-02j)
 (0.000000000000000000e+00+0.000000000000000000e+00j), (2.594248372659813812e-02-1.330283197192803392e-02j), (2.828493588242826304e-02+2.125287576367109951e-02j), (2.540725310980519736e-02+2.300459522664149992e-02j)
 (0.000000000000000000e+00+0.000000000000000000e+00j), (-4.004867765796394502e-02+8.125799333535294044e-02j), (7.052115643241382761e-04+5.963803592192340464e-03j), (2.288321282787822084e-02-2.304866578334400368e-03j)
 (0.000000000000000000e+00+0.000000000000000000e+00j), (-4.748957116401154172e-03+4.409290872123260152e-02j), (1.031565375773518117e-02-9.212775490686865576e-03j), (1.287476991598491063e-02-9.814907413209167722e-03j)
 (0.000000000000000000e+00+0.000000000000000000e+00j), (3.135647825082494844e-01-9.244735973676972141e-02j), (-1.635844832876105215e-01+1.394312171236182230e-01j), (-1.249584415625025619e-01+1.233493917256673067e-01j)
 (0.000000000000000000e+00+0.000000000000000000e+00j), (2.693082771466703482e-02+4.053652798130485263e-02j), (-4.872970333431567852e-02-4.013650370314380406e-02j), (-4.909099146356244066e-03+7.076998920433462403e-02j)
 (0.000000000000000000e+00+0.000000000000000000e+00j), (2.080818850283955648e-02-2.527715708302297540e-02j), (-4.800883086628633667e-02+3.572801559878730632e-03j), (6.197020282619144366e-02+1.682025303996365767e-02j)
 (0.000000000000000000e+00+0.000000000000000000e+00j), (1.287634231083353668e-02-1.704397976753578917e-02j), (-2.687245157397988651e-02+3.470952216783356262e-03j), (4.226308326249356151e-02+1.121679052533700732e-02j)
 (0.000000000000000000e+00+0.000000000000000000e+00j), (6.381129892544594451e-02+4.947041892063134411e-02j), (-5.641348999917795287e-02-2.854527428661249311e-02j), (-4.382662436358134711e-02+1.083248299601145687e-01j)
 (0.000000000000000000e+00+0.000000000000000000e+00j), (-1.417658812758235999e-02+1.295110896019905679e-02j), (-3.823270843136332160e-03+4.183022921342356357e-03j), (-3.727782101815865778e-02+9.522113259003713026e-03j)
 (0.000000000000000000e+00+0.000000000000000000e+00j), (-1.073538412960461583e-02+5.212566205633258759e-03j), (1.661948162292927952e-02+1.930972330112720042e-02j), (3.144737624784724704e-03+1.322526885956484908e-03j)
 (0.000000000000000000e+00+0.000000000000000000e+00j), (-1.409077507970065216e-02+1.348861229519164769e-03j), (2.160974011415415022e-03+1.181337664972050353e-02j), (6.509491853827122781e-04+6.131863515245004198e-05j)
 (0.000000000000000000e+00+0.000000000000000000e+00j), (-1.399679123711377107e-02-2.580625150449350133e-02j), (-2.735896567676820643e-02-8.422756386211044041e-03j), (8.916352260679637209e-02+4.323420394906461045e-02j)
 (0.000000000000000000e+00+0.000000000000000000e+00j), (5.363307949642741324e-02+1.235351536475995556e-02j), (1.387438595367934679e-02-3.407152236413470148e-02j), (-1.054948118949081311e-02+5.704753488740815781e-02j)
 (0.000000000000000000e+00+0.000000000000000000e+00j), (-3.087438424382203325e-02-3.669532120508704753e-02j), (-7.131517722000164927e-03+2.298715833304111264e-02j), (5.081261969349755436e-02-4.267639251920075927e-02j)
 (0.000000000000000000e+00+0.000000000000000000e+00j), (-1.714216355527419314e-02-1.754633290195735384e-02j), (3.641442730411679866e-03+1.192134363148349141e-02j), (3.307400695855196304e-02-3.019973042989568951e-02j)
 (0.000000000000000000e+00+0.000000000000000000e+00j), (7.712506696738018891e-03+8.034741427981099970e-03j), (1.479952913277009880e-03-3.623531509557743890e-02j), (5.058236270684562941e-02+4.594727157656405131e-02j)
 (0.000000000000000000e+00+0.000000000000000000e+00j), (-2.620356005003085520e-02+4.059791489971419087e-02j), (5.357015647796001950e-02-8.145044348317222876e-03j), (-2.419207544145301342e-02+2.719374610416368243e-02j)
 (0.000000000000000000e+00+0.000000000000000000e+00j), (3.267544750855310570e-02+2.677700585916456544e-02j), (5.193958692198833230e-03-7.158590847602105955e-02j), (-2.479022347013135411e-02+9.555332953301815674e-03j)
 (0.000000000000000000e+00+0.000000000000000000e+00j), (1.831847978600624482e-02+1.198012234339106662e-02j), (-1.166169521165795302e-02-3.939801763679798979e-02j), (-4.394333241357669360e-03+7.759740229564219410e-03j)
 (0.000000000000000000e+00+0.000000000000000000e+00j), (1.408931983643955423e-02-9.680031016588904478e-04j), (2.661264477661773320e-01-4.415229782421581373e-02j), (3.203536236825539896e-01+3.290945873620508555e-02j)
 (0.000000000000000000e+00+0.000000000000000000e+00j), (-1.914602307044470375e-02-2.102991537179395992e-02j), (-4.107236447977247185e-02+6.753626266672967116e-02j), (1.499783862699651665e-02-4.263055192181156722e-02j)
 (0.000000000000000000e+00+0.000000000000000000e+00j), (-3.942401277198087639e-02+1.965466069939643401e-02j), (5.953841077827502770e-02-1.639775483503327219e-02j), (-1.540675208706997722e-02-2.709322789931513722e-02j)
 (0.000000000000000000e+00+0.000000000000000000e+00j), (-2.853372124715929797e-02+1.214232398275097782e-02j), (4.655027028215998064e-02-1.466428788376885478e-02j), (-5.114764264032761742e-03-1.750964816449257846e-02j)
 (0.000000000000000000e+00+0.000000000000000000e+00j), (1.350929993899662243e-02-7.396762783231523863e-02j), (-4.325477127843210812e-02+2.291824057741062015e-01j), (-1.664927090624980510e-02+1.760841384675394371e-03j)
 (0.000000000000000000e+00+0.000000000000000000e+00j), (2.061522616614045941e-02-2.225989491544598520e-02j), (-3.286926611957653038e-02+3.835445883008638951e-02j), (7.035509408850026437e-03+3.345940473888588118e-02j)
 (0.000000000000000000e+00+0.000000000000000000e+00j), (-7.463749446518972396e-03-4.492399230329434563e-03j), (2.128364634018266657e-02-1.059945369096388854e-02j), (2.823281033288825223e-02+8.675778283473978975e-03j)
 (0.000000000000000000e+00+0.000000000000000000e+00j), (-4.968372992094030605e-03-1.223925399021821934e-03j), (8.559308044729282625e-03-1.536704978825173887e-02j), (1.874817334605351216e-02+1.038631631860361532e-02j)
 (0.000000000000000000e+00+0.000000000000000000e+00j), (-1.018358364109302056e-01+1.490437395716849578e-02j), (1.464146518383295237e-01-1.198322217386039723e-01j), (8.163498445544840887e-02-3.529670191737584173e-02j)
 (0.000000000000000000e+00+0.000000000000000000e+00j), (-9.587420648527739467e-03-4.583754141501539953e-02j), (4.197510465847126976e-02+1.084924292376844707e-01j), (6.644226250397841605e-04-1.269954787507706663e-02j)
 (0.000000000000000000e+00+0.000000000000000000e+00j), (-2.667065153543281622e-02+4.527316857843715486e-02j), (4.706789418613298304e-02-1.238109890768715748e-01j), (5.844698007047918406e-03-4.233735736543131796e-03j)
 (0.000000000000000000e+00+0.000000000000000000e+00j), (-1.671337379158666786e-02+3.299349113393850591e-02j), (2.211594990149662321e-02-8.473502040233257815e-02j), (5.688684576901319526e-03-1.437860228089707544e-02j)
 (0.000000000000000000e+00+0.000000000000000000e+00j), (-7.262702748429983313e-02+4.399617863694597376e-03j), (7.640048606839394685e-02-6.950539271516767426e-02j), (6.853879898271129922e-02-6.129678036509102201e-02j)
 (0.000000000000000000e+00+0.000000000000000000e+00j), (-2.081815851064652487e-02-2.527077758286551748e-02j), (1.067666807342153301e-02-3.042094647725203035e-02j), (9.458895574911985182e-02-5.364569429325456718e-03j)
 (0.000000000000000000e+00+0.000000000000000000e+00j), (1.392608125053963752e-02+4.089492841885997675e-03j), (-7.929893448413705137e-02+1.987774519974833815e-02j), (-2.878717788935693939e-02-6.178784027821845881e-02j)
 (0.000000000000000000e+00+0.000000000000000000e+00j), (2.178175088970574040e-03+7.827140754460698568e-03j), (-4.333724004941880148e-02+5.095630080913939042e-03j), (-1.957296083397840405e-02-3.905129370311052894e-02j)
 (0.000000000000000000e+00+0.000000000000000000e+00j), (2.873447973420777818e-02+1.228869805492269207e-02j), (1.377759196485122684e-01+3.777299669010732164e-02j), (2.603283584878288703e-01-7.322163081540314367e-02j)
 (0.000000000000000000e+00+0.000000000000000000e+00j), (2.767290635966238727e-02+7.697147552880440058e-02j), (-3.909533448354284707e-02+2.976581205735136237e-02j), (7.608697614045339952e-02+1.944961568338312782e-02j)
 (0.000000000000000000e+00+0.000000000000000000e+00j), (3.072088100624471158e-02+1.061200108632305746e-02j), (-2.060332190404610617e-02+3.189807523071098994e-02j), (-2.011845279783629897e-02-8.311998764907015114e-02j)
 (0.000000000000000000e+00+0.000000000000000000e+00j), (2.237396895571110503e-02+5.976938175755770397e-03j), (-8.677714491973739092e-03+2.110547897313690829e-02j), (-1.608077882473821912e-02-6.252237127978649278e-02j)
 (0.000000000000000000e+00+0.000000000000000000e+00j), (1.668086425673099768e-02+6.773140164777821659e-02j), (-5.719954609713112648e-02+1.567889188652429183e-02j), (2.452118787902435870e-01+5.383399881875482879e-02j)
 (0.000000000000000000e+00+0.000000000000000000e+00j), (-2.876457171392424531e-02+3.647646808613153047e-02j), (-2.581961229680417025e-02+1.858342410112354473e-02j), (4.751711727515788714e-02+4.187155374707279831e-02j)
 (0.000000000000000000e+00+0.000000000000000000e+00j), (1.992749387391072255e-02+1.564193823628295607e-02j), (2.680058429139777973e-02+2.615168855742711768e-02j), (-8.015912337968342585e-03-2.538239269226865574e-02j)
 (0.000000000000000000e+00+0.000000000000000000e+00j), (2.542858189866620093e-03+2.361906461419105430e-02j), (2.719845290613753797e-03+2.673528736723942978e-02j), (-1.174562013120043769e-02-1.391486597600583193e-02j)
 (0.000000000000000000e+00+0.000000000000000000e+00j), (3.554237031820011578e-02+8.296681902519345564e-02j), (-1.895181591574309626e-02+8.337177440509405124e-02j), (-9.473584705498544478e-02-2.059764439822900917e-01j)
 (0.000000000000000000e+00+0.000000000000000000e+00j), (1.023449702696617447e-02-2.862625901839412762e-02j), (2.356388348029539708e-03-5.530237367377686952e-02j), (1.234248545682898601e-01-2.795672260189210542e-02j)
 (0.000000000000000000e+00+0.000000000000000000e+00j), (2.021360554900381544e-03-2.969682366907496103e-03j), (4.816105600430201431e-03+3.258767618673742705e-02j), (-1.310812641366247699e-01-6.807782676710034953e-02j)
 (0.000000000000000000e+00+0.000000000000000000e+00j), (1.288223646393437533e-02-1.112860884753372887e-02j), (1.889985846327275204e-02+1.231082263576982298e-02j), (-9.325670108364181310e-02-3.601651785513895754e-02j)
 (0.000000000000000000e+00+0.000000000000000000e+00j), (4.558327093031593058e-02+4.273489685921964820e-02j), (1.261966252301581146e-02+2.037854298223428298e-02j), (-5.330597507321283707e-02-1.178809206050110830e-01j)
 (0.000000000000000000e+00+0.000000000000000000e+00j), (2.391536259240508236e-02+5.604440701502789307e-02j), (4.603486644654031235e-02+2.590524886293527757e-02j), (-1.084339669232386658e-02-2.402050124824174626e-02j)
 (0.000000000000000000e+00+0.000000000000000000e+00j), (-1.018816853563653951e-02-4.660535571927226089e-02j), (-7.070049667109693133e-03-9.436556511018062698e-02j), (1.263550943410177499e-02+8.640769199292813729e-02j)
 (0.000000000000000000e+00+0.000000000000000000e+00j), (-2.692125622154381039e-03-1.527680551089263990e-02j), (-1.396574964561512165e-02-4.015142999348061958e-02j), (-9.855035049141994130e-05+4.121599321085716444e-02j)
